payment_id,po_id,vendor_id,po_value_usd,payment_terms,due_date,actual_payment_date,days_late,days_early,payment_status,meridian_stress_index,month_index
PAY-PO-RFQ-0001-V011,PO-RFQ-0001-V011,V011,136193.58,2/10 Net30,2024-02-05,2024-01-31,0,5,on_time,0.0,0
PAY-PO-RFQ-0001-V018,PO-RFQ-0001-V018,V018,180100.02,Net60,2024-03-11,2024-03-08,0,3,on_time,0.0,0
PAY-PO-RFQ-0001-V006,PO-RFQ-0001-V006,V006,178122.18,Net60,2024-03-08,2024-03-05,0,3,on_time,0.0,0
PAY-PO-RFQ-0001-V016,PO-RFQ-0001-V016,V016,150134.94,2/10 Net30,2024-02-09,2024-02-04,0,5,on_time,0.0,0
PAY-PO-RFQ-0002-V002,PO-RFQ-0002-V002,V002,95669.44,Net60,2024-03-07,2024-03-06,0,1,on_time,0.0,0
PAY-PO-RFQ-0002-V013,PO-RFQ-0002-V013,V013,95321.64,Net45,2024-02-23,2024-02-21,0,2,on_time,0.0,0
PAY-PO-RFQ-0002-V006,PO-RFQ-0002-V006,V006,112894.0,2/10 Net30,2024-02-06,2024-02-04,0,2,on_time,0.0,0
PAY-PO-RFQ-0002-V016,PO-RFQ-0002-V016,V016,97476.12,Net45,2024-02-20,2024-02-17,0,3,on_time,0.0,0
PAY-PO-RFQ-0002-V018,PO-RFQ-0002-V018,V018,105490.56,Net30,2024-02-03,2024-02-01,0,2,on_time,0.0,0
PAY-PO-RFQ-0003-V008,PO-RFQ-0003-V008,V008,16285.5,LC at sight,2024-01-04,2024-01-01,0,3,on_time,0.0,0
PAY-PO-RFQ-0003-V015,PO-RFQ-0003-V015,V015,18309.06,Net45,2024-02-19,2024-02-16,0,3,on_time,0.0,0
PAY-PO-RFQ-0003-V012,PO-RFQ-0003-V012,V012,17606.82,2/10 Net30,2024-02-04,2024-02-04,0,0,on_time,0.0,0
PAY-PO-RFQ-0003-V003,PO-RFQ-0003-V003,V003,17189.48,Net45,2024-02-20,2024-02-18,0,2,on_time,0.0,0
PAY-PO-RFQ-0003-V005,PO-RFQ-0003-V005,V005,17050.88,Net60,2024-03-05,2024-03-05,0,0,on_time,0.0,0
PAY-PO-RFQ-0004-V013,PO-RFQ-0004-V013,V013,105560.44,Net60,2024-03-09,2024-03-08,0,1,on_time,0.0,0
PAY-PO-RFQ-0004-V002,PO-RFQ-0004-V002,V002,105941.58,2/10 Net30,2024-02-06,2024-02-10,4,0,slightly_late,0.0,0
PAY-PO-RFQ-0004-V011,PO-RFQ-0004-V011,V011,96499.22,2/10 Net30,2024-02-09,2024-02-06,0,3,on_time,0.0,0
PAY-PO-RFQ-0004-V018,PO-RFQ-0004-V018,V018,112563.74,LC at sight,2024-01-05,2024-01-03,0,2,on_time,0.0,0
PAY-PO-RFQ-0004-V006,PO-RFQ-0004-V006,V006,107169.96,Net45,2024-02-22,2024-02-27,5,0,slightly_late,0.0,0
PAY-PO-RFQ-0005-V013,PO-RFQ-0005-V013,V013,2388.52,Net30,2024-02-10,2024-02-05,0,5,on_time,0.0,0
PAY-PO-RFQ-0005-V002,PO-RFQ-0005-V002,V002,2308.34,Net45,2024-02-23,2024-02-22,0,1,on_time,0.0,0
PAY-PO-RFQ-0005-V011,PO-RFQ-0005-V011,V011,2354.76,Net45,2024-02-24,2024-02-20,0,4,on_time,0.0,0
PAY-PO-RFQ-0005-V016,PO-RFQ-0005-V016,V016,2578.42,Net30,2024-02-08,2024-02-06,0,2,on_time,0.0,0
PAY-PO-RFQ-0005-V018,PO-RFQ-0005-V018,V018,2496.13,Net30,2024-02-03,2024-01-30,0,4,on_time,0.0,0
PAY-PO-RFQ-0006-V002,PO-RFQ-0006-V002,V002,35721.56,2/10 Net30,2024-02-07,2024-02-03,0,4,on_time,0.0,0
PAY-PO-RFQ-0006-V016,PO-RFQ-0006-V016,V016,30010.54,2/10 Net30,2024-02-05,2024-02-05,0,0,on_time,0.0,0
PAY-PO-RFQ-0006-V011,PO-RFQ-0006-V011,V011,24970.74,2/10 Net30,2024-02-10,2024-02-10,0,0,on_time,0.0,0
PAY-PO-RFQ-0006-V006,PO-RFQ-0006-V006,V006,37165.7,2/10 Net30,2024-02-08,2024-02-03,0,5,on_time,0.0,0
PAY-PO-RFQ-0006-V018,PO-RFQ-0006-V018,V018,37057.22,Net60,2024-03-06,2024-03-01,0,5,on_time,0.0,0
PAY-PO-RFQ-0007-V018,PO-RFQ-0007-V018,V018,25019.84,Net60,2024-03-10,2024-03-17,7,0,slightly_late,0.0,0
PAY-PO-RFQ-0007-V002,PO-RFQ-0007-V002,V002,24604.92,Net30,2024-02-05,2024-02-03,0,2,on_time,0.0,0
PAY-PO-RFQ-0007-V013,PO-RFQ-0007-V013,V013,24695.12,Net60,2024-03-06,2024-03-01,0,5,on_time,0.0,0
PAY-PO-RFQ-0007-V006,PO-RFQ-0007-V006,V006,23110.88,Net30,2024-02-09,2024-02-20,11,0,late,0.0,0
PAY-PO-RFQ-0007-V016,PO-RFQ-0007-V016,V016,23460.2,Net60,2024-03-11,2024-03-06,0,5,on_time,0.0,0
PAY-PO-RFQ-0008-V013,PO-RFQ-0008-V013,V013,21660.48,Net30,2024-02-05,2024-02-01,0,4,on_time,0.0,0
PAY-PO-RFQ-0008-V002,PO-RFQ-0008-V002,V002,22255.2,Net45,2024-02-20,2024-02-19,0,1,on_time,0.0,0
PAY-PO-RFQ-0008-V006,PO-RFQ-0008-V006,V006,20909.52,Net60,2024-03-11,2024-03-08,0,3,on_time,0.0,0
PAY-PO-RFQ-0008-V018,PO-RFQ-0008-V018,V018,23405.04,Net45,2024-02-21,2024-02-20,0,1,on_time,0.0,0
PAY-PO-RFQ-0009-V006,PO-RFQ-0009-V006,V006,3948.78,Net30,2024-02-09,2024-02-08,0,1,on_time,0.0,0
PAY-PO-RFQ-0009-V002,PO-RFQ-0009-V002,V002,3601.62,Net60,2024-03-04,2024-03-01,0,3,on_time,0.0,0
PAY-PO-RFQ-0009-V011,PO-RFQ-0009-V011,V011,3497.34,LC at sight,2024-01-09,2024-01-04,0,5,on_time,0.0,0
PAY-PO-RFQ-0009-V018,PO-RFQ-0009-V018,V018,3920.4,Net60,2024-03-09,2024-03-14,5,0,slightly_late,0.0,0
PAY-PO-RFQ-0010-V009,PO-RFQ-0010-V009,V009,23300.37,Net30,2024-02-03,2024-02-02,0,1,on_time,0.0,0
PAY-PO-RFQ-0010-V001,PO-RFQ-0010-V001,V001,23719.41,LC at sight,2024-01-11,2024-01-13,2,0,slightly_late,0.0,0
PAY-PO-RFQ-0010-V019,PO-RFQ-0010-V019,V019,26914.59,Net45,2024-02-21,2024-02-17,0,4,on_time,0.0,0
PAY-PO-RFQ-0010-V004,PO-RFQ-0010-V004,V004,24260.67,Net60,2024-03-06,2024-03-05,0,1,on_time,0.0,0
PAY-PO-RFQ-0010-V007,PO-RFQ-0010-V007,V007,25561.44,LC at sight,2024-01-08,2024-01-09,1,0,slightly_late,0.0,0
PAY-PO-RFQ-0011-V012,PO-RFQ-0011-V012,V012,2648.6,LC at sight,2024-02-09,2024-02-06,0,3,on_time,0.0,1
PAY-PO-RFQ-0011-V003,PO-RFQ-0011-V003,V003,2670.7,2/10 Net30,2024-03-07,2024-03-05,0,2,on_time,0.0,1
PAY-PO-RFQ-0011-V020,PO-RFQ-0011-V020,V020,2691.1,2/10 Net30,2024-03-04,2024-02-28,0,5,on_time,0.0,1
PAY-PO-RFQ-0011-V008,PO-RFQ-0011-V008,V008,2522.8,LC at sight,2024-02-07,2024-02-06,0,1,on_time,0.0,1
PAY-PO-RFQ-0011-V005,PO-RFQ-0011-V005,V005,2641.8,Net30,2024-03-11,2024-03-06,0,5,on_time,0.0,1
PAY-PO-RFQ-0012-V018,PO-RFQ-0012-V018,V018,37436.66,Net60,2024-04-07,2024-04-02,0,5,on_time,0.0,1
PAY-PO-RFQ-0012-V013,PO-RFQ-0012-V013,V013,36160.02,2/10 Net30,2024-03-04,2024-03-11,7,0,slightly_late,0.0,1
PAY-PO-RFQ-0012-V016,PO-RFQ-0012-V016,V016,32091.74,2/10 Net30,2024-03-05,2024-03-25,20,0,late,0.0,1
PAY-PO-RFQ-0012-V011,PO-RFQ-0012-V011,V011,37727.54,2/10 Net30,2024-03-10,2024-03-14,4,0,slightly_late,0.0,1
PAY-PO-RFQ-0013-V010,PO-RFQ-0013-V010,V010,9045.55,Net60,2024-04-06,2024-04-07,1,0,slightly_late,0.0,1
PAY-PO-RFQ-0013-V001,PO-RFQ-0013-V001,V001,9869.54,2/10 Net30,2024-03-07,2024-03-13,6,0,slightly_late,0.0,1
PAY-PO-RFQ-0013-V004,PO-RFQ-0013-V004,V004,10499.65,Net60,2024-04-07,2024-04-02,0,5,on_time,0.0,1
PAY-PO-RFQ-0013-V007,PO-RFQ-0013-V007,V007,10339.83,Net45,2024-03-19,2024-03-15,0,4,on_time,0.0,1
PAY-PO-RFQ-0013-V019,PO-RFQ-0013-V019,V019,10943.74,2/10 Net30,2024-03-08,2024-03-06,0,2,on_time,0.0,1
PAY-PO-RFQ-0014-V018,PO-RFQ-0014-V018,V018,53900.16,Net30,2024-03-08,2024-03-10,2,0,slightly_late,0.0,1
PAY-PO-RFQ-0014-V006,PO-RFQ-0014-V006,V006,43677.3,Net30,2024-03-07,2024-03-04,0,3,on_time,0.0,1
PAY-PO-RFQ-0014-V013,PO-RFQ-0014-V013,V013,50712.3,2/10 Net30,2024-03-07,2024-03-03,0,4,on_time,0.0,1
PAY-PO-RFQ-0014-V011,PO-RFQ-0014-V011,V011,47118.42,2/10 Net30,2024-03-07,2024-03-14,7,0,slightly_late,0.0,1
PAY-PO-RFQ-0014-V002,PO-RFQ-0014-V002,V002,51588.66,2/10 Net30,2024-03-04,2024-03-06,2,0,slightly_late,0.0,1
PAY-PO-RFQ-0015-V013,PO-RFQ-0015-V013,V013,36373.5,Net30,2024-03-04,2024-03-02,0,2,on_time,0.0,1
PAY-PO-RFQ-0015-V002,PO-RFQ-0015-V002,V002,36175.26,LC at sight,2024-02-07,2024-02-03,0,4,on_time,0.0,1
PAY-PO-RFQ-0015-V018,PO-RFQ-0015-V018,V018,37467.36,Net30,2024-03-10,2024-03-11,1,0,slightly_late,0.0,1
PAY-PO-RFQ-0015-V006,PO-RFQ-0015-V006,V006,40393.76,LC at sight,2024-02-07,2024-02-06,0,1,on_time,0.0,1
PAY-PO-RFQ-0016-V002,PO-RFQ-0016-V002,V002,97242.54,2/10 Net30,2024-03-04,2024-03-02,0,2,on_time,0.0,1
PAY-PO-RFQ-0016-V016,PO-RFQ-0016-V016,V016,98516.22,LC at sight,2024-02-06,2024-02-03,0,3,on_time,0.0,1
PAY-PO-RFQ-0016-V011,PO-RFQ-0016-V011,V011,83546.82,Net30,2024-03-08,2024-03-04,0,4,on_time,0.0,1
PAY-PO-RFQ-0017-V012,PO-RFQ-0017-V012,V012,49454.0,2/10 Net30,2024-03-07,2024-03-12,5,0,slightly_late,0.0,1
PAY-PO-RFQ-0017-V020,PO-RFQ-0017-V020,V020,49810.0,Net45,2024-03-24,2024-03-23,0,1,on_time,0.0,1
PAY-PO-RFQ-0017-V015,PO-RFQ-0017-V015,V015,48038.0,Net30,2024-03-07,2024-03-07,0,0,on_time,0.0,1
PAY-PO-RFQ-0017-V008,PO-RFQ-0017-V008,V008,41870.0,Net30,2024-03-10,2024-03-10,0,0,on_time,0.0,1
PAY-PO-RFQ-0017-V014,PO-RFQ-0017-V014,V014,48272.0,Net45,2024-03-24,2024-03-20,0,4,on_time,0.0,1
PAY-PO-RFQ-0018-V001,PO-RFQ-0018-V001,V001,32830.1,Net30,2024-03-11,2024-03-07,0,4,on_time,0.0,1
PAY-PO-RFQ-0018-V007,PO-RFQ-0018-V007,V007,33840.9,Net45,2024-03-20,2024-04-12,23,0,late,0.0,1
PAY-PO-RFQ-0018-V004,PO-RFQ-0018-V004,V004,31251.2,Net45,2024-03-23,2024-03-18,0,5,on_time,0.0,1
PAY-PO-RFQ-0018-V019,PO-RFQ-0018-V019,V019,33170.2,Net60,2024-04-07,2024-04-06,0,1,on_time,0.0,1
PAY-PO-RFQ-0019-V013,PO-RFQ-0019-V013,V013,29305.44,Net45,2024-03-25,2024-03-23,0,2,on_time,0.0,1
PAY-PO-RFQ-0019-V006,PO-RFQ-0019-V006,V006,32875.56,Net45,2024-03-25,2024-03-25,0,0,on_time,0.0,1
PAY-PO-RFQ-0019-V011,PO-RFQ-0019-V011,V011,28466.96,Net60,2024-04-05,2024-04-04,0,1,on_time,0.0,1
PAY-PO-RFQ-0019-V002,PO-RFQ-0019-V002,V002,29145.64,Net60,2024-04-04,2024-04-05,1,0,slightly_late,0.0,1
PAY-PO-RFQ-0019-V018,PO-RFQ-0019-V018,V018,30476.68,LC at sight,2024-02-07,2024-02-05,0,2,on_time,0.0,1
PAY-PO-RFQ-0020-V016,PO-RFQ-0020-V016,V016,58517.0,Net30,2024-03-05,2024-03-03,0,2,on_time,0.0,1
PAY-PO-RFQ-0020-V002,PO-RFQ-0020-V002,V002,57572.83,Net30,2024-03-06,2024-03-03,0,3,on_time,0.0,1
PAY-PO-RFQ-0020-V018,PO-RFQ-0020-V018,V018,62968.6,Net45,2024-03-19,2024-03-23,4,0,slightly_late,0.0,1
PAY-PO-RFQ-0020-V013,PO-RFQ-0020-V013,V013,56431.21,Net60,2024-04-04,2024-04-09,5,0,slightly_late,0.0,1
PAY-PO-RFQ-0020-V006,PO-RFQ-0020-V006,V006,59561.69,Net30,2024-03-06,2024-03-03,0,3,on_time,0.0,1
PAY-PO-RFQ-0021-V004,PO-RFQ-0021-V004,V004,4295.5,Net60,2024-05-10,2024-06-05,26,0,late,0.0,2
PAY-PO-RFQ-0021-V009,PO-RFQ-0021-V009,V009,4441.25,LC at sight,2024-03-05,2024-03-04,0,1,on_time,0.0,2
PAY-PO-RFQ-0021-V017,PO-RFQ-0021-V017,V017,4199.25,LC at sight,2024-03-11,2024-03-10,0,1,on_time,0.0,2
PAY-PO-RFQ-0021-V001,PO-RFQ-0021-V001,V001,4246.0,2/10 Net30,2024-04-04,2024-04-02,0,2,on_time,0.0,2
PAY-PO-RFQ-0021-V019,PO-RFQ-0021-V019,V019,4567.75,Net30,2024-04-07,2024-04-06,0,1,on_time,0.0,2
PAY-PO-RFQ-0022-V009,PO-RFQ-0022-V009,V009,106588.74,Net30,2024-04-08,2024-04-12,4,0,slightly_late,0.0,2
PAY-PO-RFQ-0022-V004,PO-RFQ-0022-V004,V004,104717.32,Net45,2024-04-23,2024-04-18,0,5,on_time,0.0,2
PAY-PO-RFQ-0022-V007,PO-RFQ-0022-V007,V007,111282.36,Net45,2024-04-24,2024-04-22,0,2,on_time,0.0,2
PAY-PO-RFQ-0022-V017,PO-RFQ-0022-V017,V017,99705.86,Net30,2024-04-07,2024-04-28,21,0,late,0.0,2
PAY-PO-RFQ-0022-V010,PO-RFQ-0022-V010,V010,103193.88,Net30,2024-04-04,2024-04-05,1,0,slightly_late,0.0,2
PAY-PO-RFQ-0023-V007,PO-RFQ-0023-V007,V007,44397.04,Net45,2024-04-20,2024-04-19,0,1,on_time,0.0,2
PAY-PO-RFQ-0023-V019,PO-RFQ-0023-V019,V019,42425.68,Net45,2024-04-23,2024-04-23,0,0,on_time,0.0,2
PAY-PO-RFQ-0023-V009,PO-RFQ-0023-V009,V009,39986.64,2/10 Net30,2024-04-06,2024-04-11,5,0,slightly_late,0.0,2
PAY-PO-RFQ-0023-V004,PO-RFQ-0023-V004,V004,41303.84,Net30,2024-04-08,2024-04-15,7,0,slightly_late,0.0,2
PAY-PO-RFQ-0023-V001,PO-RFQ-0023-V001,V001,41884.0,2/10 Net30,2024-04-08,2024-04-03,0,5,on_time,0.0,2
PAY-PO-RFQ-0024-V010,PO-RFQ-0024-V010,V010,45021.12,Net30,2024-04-09,2024-04-04,0,5,on_time,0.0,2
PAY-PO-RFQ-0024-V009,PO-RFQ-0024-V009,V009,49407.68,Net45,2024-04-24,2024-05-01,7,0,slightly_late,0.0,2
PAY-PO-RFQ-0024-V004,PO-RFQ-0024-V004,V004,49231.04,Net45,2024-04-20,2024-04-23,3,0,slightly_late,0.0,2
PAY-PO-RFQ-0024-V019,PO-RFQ-0024-V019,V019,56694.08,LC at sight,2024-03-11,2024-03-13,2,0,slightly_late,0.0,2
PAY-PO-RFQ-0024-V017,PO-RFQ-0024-V017,V017,48568.64,Net45,2024-04-19,2024-04-16,0,3,on_time,0.0,2
PAY-PO-RFQ-0025-V018,PO-RFQ-0025-V018,V018,32736.8,LC at sight,2024-03-11,2024-03-10,0,1,on_time,0.0,2
PAY-PO-RFQ-0025-V002,PO-RFQ-0025-V002,V002,34174.32,2/10 Net30,2024-04-10,2024-04-15,5,0,slightly_late,0.0,2
PAY-PO-RFQ-0025-V006,PO-RFQ-0025-V006,V006,35279.64,Net60,2024-05-08,2024-05-04,0,4,on_time,0.0,2
PAY-PO-RFQ-0025-V013,PO-RFQ-0025-V013,V013,34237.74,Net30,2024-04-06,2024-04-02,0,4,on_time,0.0,2
PAY-PO-RFQ-0025-V016,PO-RFQ-0025-V016,V016,39815.68,2/10 Net30,2024-04-03,2024-03-30,0,4,on_time,0.0,2
PAY-PO-RFQ-0026-V013,PO-RFQ-0026-V013,V013,208359.6,Net30,2024-04-06,2024-04-02,0,4,on_time,0.0,2
PAY-PO-RFQ-0026-V006,PO-RFQ-0026-V006,V006,234746.62,Net30,2024-04-08,2024-04-03,0,5,on_time,0.0,2
PAY-PO-RFQ-0026-V011,PO-RFQ-0026-V011,V011,210251.81,Net60,2024-05-08,2024-05-05,0,3,on_time,0.0,2
PAY-PO-RFQ-0026-V002,PO-RFQ-0026-V002,V002,206623.27,Net30,2024-04-09,2024-04-16,7,0,slightly_late,0.0,2
PAY-PO-RFQ-0026-V018,PO-RFQ-0026-V018,V018,232430.07,2/10 Net30,2024-04-08,2024-04-03,0,5,on_time,0.0,2
PAY-PO-RFQ-0027-V001,PO-RFQ-0027-V001,V001,122545.05,Net45,2024-04-19,2024-04-19,0,0,on_time,0.0,2
PAY-PO-RFQ-0027-V010,PO-RFQ-0027-V010,V010,119952.45,LC at sight,2024-03-05,2024-03-02,0,3,on_time,0.0,2
PAY-PO-RFQ-0027-V017,PO-RFQ-0027-V017,V017,124297.29,LC at sight,2024-03-05,2024-03-05,0,0,on_time,0.0,2
PAY-PO-RFQ-0027-V009,PO-RFQ-0027-V009,V009,120645.3,2/10 Net30,2024-04-05,2024-03-31,0,5,on_time,0.0,2
PAY-PO-RFQ-0027-V007,PO-RFQ-0027-V007,V007,128056.56,LC at sight,2024-03-11,2024-03-09,0,2,on_time,0.0,2
PAY-PO-RFQ-0028-V013,PO-RFQ-0028-V013,V013,112308.0,Net30,2024-04-08,2024-04-07,0,1,on_time,0.0,2
PAY-PO-RFQ-0028-V002,PO-RFQ-0028-V002,V002,116345.6,Net60,2024-05-03,2024-05-06,3,0,slightly_late,0.0,2
PAY-PO-RFQ-0028-V018,PO-RFQ-0028-V018,V018,118266.4,Net60,2024-05-06,2024-05-02,0,4,on_time,0.0,2
PAY-PO-RFQ-0028-V016,PO-RFQ-0028-V016,V016,110475.4,Net60,2024-05-09,2024-05-05,0,4,on_time,0.0,2
PAY-PO-RFQ-0028-V011,PO-RFQ-0028-V011,V011,114660.0,Net30,2024-04-03,2024-03-30,0,4,on_time,0.0,2
PAY-PO-RFQ-0029-V005,PO-RFQ-0029-V005,V005,57894.45,Net60,2024-05-03,2024-04-29,0,4,on_time,0.0,2
PAY-PO-RFQ-0029-V015,PO-RFQ-0029-V015,V015,62075.85,Net60,2024-05-05,2024-05-01,0,4,on_time,0.0,2
PAY-PO-RFQ-0029-V020,PO-RFQ-0029-V020,V020,63290.25,Net45,2024-04-24,2024-04-20,0,4,on_time,0.0,2
PAY-PO-RFQ-0029-V008,PO-RFQ-0029-V008,V008,58267.05,Net60,2024-05-07,2024-05-06,0,1,on_time,0.0,2
PAY-PO-RFQ-0030-V017,PO-RFQ-0030-V017,V017,24991.7,Net30,2024-04-09,2024-04-08,0,1,on_time,0.0,2
PAY-PO-RFQ-0030-V009,PO-RFQ-0030-V009,V009,25382.1,Net30,2024-04-08,2024-04-07,0,1,on_time,0.0,2
PAY-PO-RFQ-0030-V004,PO-RFQ-0030-V004,V004,25940.25,Net60,2024-05-10,2024-05-25,15,0,late,0.0,2
PAY-PO-RFQ-0030-V001,PO-RFQ-0030-V001,V001,26266.6,2/10 Net30,2024-04-07,2024-04-04,0,3,on_time,0.0,2
PAY-PO-RFQ-0030-V019,PO-RFQ-0030-V019,V019,28011.2,Net30,2024-04-03,2024-03-29,0,5,on_time,0.0,2
PAY-PO-RFQ-0031-V002,PO-RFQ-0031-V002,V002,3702.72,Net60,2024-06-06,2024-06-05,0,1,on_time,0.0,3
PAY-PO-RFQ-0031-V013,PO-RFQ-0031-V013,V013,3791.64,Net30,2024-05-05,2024-05-02,0,3,on_time,0.0,3
PAY-PO-RFQ-0031-V018,PO-RFQ-0031-V018,V018,3841.8,LC at sight,2024-04-05,2024-04-03,0,2,on_time,0.0,3
PAY-PO-RFQ-0031-V006,PO-RFQ-0031-V006,V006,3923.88,Net60,2024-06-03,2024-06-02,0,1,on_time,0.0,3
PAY-PO-RFQ-0032-V004,PO-RFQ-0032-V004,V004,32907.05,Net30,2024-05-04,2024-04-30,0,4,on_time,0.0,3
PAY-PO-RFQ-0032-V010,PO-RFQ-0032-V010,V010,31364.63,Net60,2024-06-06,2024-06-07,1,0,slightly_late,0.0,3
PAY-PO-RFQ-0032-V017,PO-RFQ-0032-V017,V017,30689.56,Net30,2024-05-08,2024-05-06,0,2,on_time,0.0,3
PAY-PO-RFQ-0032-V009,PO-RFQ-0032-V009,V009,32146.29,LC at sight,2024-04-05,2024-03-31,0,5,on_time,0.0,3
PAY-PO-RFQ-0032-V001,PO-RFQ-0032-V001,V001,31538.1,LC at sight,2024-04-06,2024-04-03,0,3,on_time,0.0,3
PAY-PO-RFQ-0033-V013,PO-RFQ-0033-V013,V013,9877.8,Net45,2024-05-19,2024-05-16,0,3,on_time,0.0,3
PAY-PO-RFQ-0033-V006,PO-RFQ-0033-V006,V006,9819.0,Net60,2024-06-02,2024-05-28,0,5,on_time,0.0,3
PAY-PO-RFQ-0033-V002,PO-RFQ-0033-V002,V002,10081.8,LC at sight,2024-04-07,2024-04-06,0,1,on_time,0.0,3
PAY-PO-RFQ-0033-V016,PO-RFQ-0033-V016,V016,8713.8,LC at sight,2024-04-04,2024-04-01,0,3,on_time,0.0,3
PAY-PO-RFQ-0033-V018,PO-RFQ-0033-V018,V018,10384.2,LC at sight,2024-04-07,2024-04-06,0,1,on_time,0.0,3
PAY-PO-RFQ-0034-V009,PO-RFQ-0034-V009,V009,14614.56,Net30,2024-05-07,2024-05-05,0,2,on_time,0.0,3
PAY-PO-RFQ-0034-V001,PO-RFQ-0034-V001,V001,14532.96,Net30,2024-05-09,2024-05-04,0,5,on_time,0.0,3
PAY-PO-RFQ-0034-V004,PO-RFQ-0034-V004,V004,15272.8,2/10 Net30,2024-05-07,2024-05-03,0,4,on_time,0.0,3
PAY-PO-RFQ-0034-V017,PO-RFQ-0034-V017,V017,14203.84,Net60,2024-06-03,2024-05-29,0,5,on_time,0.0,3
PAY-PO-RFQ-0034-V007,PO-RFQ-0034-V007,V007,15992.24,Net30,2024-05-07,2024-05-02,0,5,on_time,0.0,3
PAY-PO-RFQ-0035-V017,PO-RFQ-0035-V017,V017,109373.42,Net30,2024-05-05,2024-05-01,0,4,on_time,0.0,3
PAY-PO-RFQ-0035-V009,PO-RFQ-0035-V009,V009,101876.58,LC at sight,2024-04-04,2024-03-31,0,4,on_time,0.0,3
PAY-PO-RFQ-0035-V007,PO-RFQ-0035-V007,V007,114156.12,Net30,2024-05-03,2024-05-10,7,0,slightly_late,0.0,3
PAY-PO-RFQ-0035-V004,PO-RFQ-0035-V004,V004,111117.5,Net30,2024-05-10,2024-05-14,4,0,slightly_late,0.0,3
PAY-PO-RFQ-0035-V001,PO-RFQ-0035-V001,V001,111026.24,Net60,2024-06-09,2024-06-09,0,0,on_time,0.0,3
PAY-PO-RFQ-0036-V006,PO-RFQ-0036-V006,V006,15273.6,LC at sight,2024-04-09,2024-04-15,6,0,slightly_late,0.0,3
PAY-PO-RFQ-0036-V016,PO-RFQ-0036-V016,V016,12160.4,Net60,2024-06-03,2024-06-06,3,0,slightly_late,0.0,3
PAY-PO-RFQ-0036-V002,PO-RFQ-0036-V002,V002,15789.6,LC at sight,2024-04-05,2024-04-01,0,4,on_time,0.0,3
PAY-PO-RFQ-0036-V018,PO-RFQ-0036-V018,V018,16653.04,Net30,2024-05-06,2024-05-05,0,1,on_time,0.0,3
PAY-PO-RFQ-0036-V013,PO-RFQ-0036-V013,V013,15700.16,Net45,2024-05-23,2024-05-21,0,2,on_time,0.0,3
PAY-PO-RFQ-0037-V013,PO-RFQ-0037-V013,V013,97812.52,LC at sight,2024-04-05,2024-04-07,2,0,slightly_late,0.0,3
PAY-PO-RFQ-0037-V002,PO-RFQ-0037-V002,V002,96526.09,Net30,2024-05-04,2024-05-03,0,1,on_time,0.0,3
PAY-PO-RFQ-0037-V016,PO-RFQ-0037-V016,V016,97741.28,Net45,2024-05-25,2024-05-25,0,0,on_time,0.0,3
PAY-PO-RFQ-0037-V018,PO-RFQ-0037-V018,V018,102359.55,Net45,2024-05-20,2024-05-19,0,1,on_time,0.0,3
PAY-PO-RFQ-0038-V011,PO-RFQ-0038-V011,V011,7733.58,2/10 Net30,2024-05-06,2024-05-09,3,0,slightly_late,0.0,3
PAY-PO-RFQ-0038-V013,PO-RFQ-0038-V013,V013,8838.9,LC at sight,2024-04-03,2024-04-06,3,0,slightly_late,0.0,3
PAY-PO-RFQ-0038-V018,PO-RFQ-0038-V018,V018,9080.46,LC at sight,2024-04-07,2024-04-03,0,4,on_time,0.0,3
PAY-PO-RFQ-0039-V004,PO-RFQ-0039-V004,V004,33434.2,2/10 Net30,2024-05-06,2024-05-01,0,5,on_time,0.0,3
PAY-PO-RFQ-0039-V001,PO-RFQ-0039-V001,V001,33064.26,Net30,2024-05-06,2024-05-02,0,4,on_time,0.0,3
PAY-PO-RFQ-0039-V009,PO-RFQ-0039-V009,V009,33769.24,Net45,2024-05-24,2024-05-27,3,0,slightly_late,0.0,3
PAY-PO-RFQ-0039-V017,PO-RFQ-0039-V017,V017,31301.81,Net45,2024-05-24,2024-05-19,0,5,on_time,0.0,3
PAY-PO-RFQ-0039-V007,PO-RFQ-0039-V007,V007,36990.51,Net60,2024-06-06,2024-06-06,0,0,on_time,0.0,3
PAY-PO-RFQ-0040-V006,PO-RFQ-0040-V006,V006,94659.84,2/10 Net30,2024-05-05,2024-04-30,0,5,on_time,0.0,3
PAY-PO-RFQ-0040-V013,PO-RFQ-0040-V013,V013,115346.76,LC at sight,2024-04-09,2024-04-04,0,5,on_time,0.0,3
PAY-PO-RFQ-0040-V018,PO-RFQ-0040-V018,V018,122928.81,Net60,2024-06-06,2024-06-06,0,0,on_time,0.0,3
PAY-PO-RFQ-0041-V022,PO-RFQ-0041-V022,V022,29201.1,LC at sight,2024-05-06,2024-05-11,5,0,slightly_late,0.0,4
PAY-PO-RFQ-0041-V004,PO-RFQ-0041-V004,V004,32012.64,2/10 Net30,2024-06-03,2024-06-07,4,0,slightly_late,0.0,4
PAY-PO-RFQ-0041-V009,PO-RFQ-0041-V009,V009,30506.76,LC at sight,2024-05-07,2024-05-11,4,0,slightly_late,0.0,4
PAY-PO-RFQ-0041-V010,PO-RFQ-0041-V010,V010,29996.34,Net30,2024-06-09,2024-06-06,0,3,on_time,0.0,4
PAY-PO-RFQ-0041-V001,PO-RFQ-0041-V001,V001,30924.12,2/10 Net30,2024-06-03,2024-05-30,0,4,on_time,0.0,4
PAY-PO-RFQ-0042-V001,PO-RFQ-0042-V001,V001,25070.32,Net60,2024-07-05,2024-07-05,0,0,on_time,0.0,4
PAY-PO-RFQ-0042-V024,PO-RFQ-0042-V024,V024,25219.12,LC at sight,2024-05-05,2024-05-01,0,4,on_time,0.0,4
PAY-PO-RFQ-0042-V017,PO-RFQ-0042-V017,V017,22426.64,LC at sight,2024-05-05,2024-04-30,0,5,on_time,0.0,4
PAY-PO-RFQ-0042-V007,PO-RFQ-0042-V007,V007,27287.44,Net45,2024-06-18,2024-06-14,0,4,on_time,0.0,4
PAY-PO-RFQ-0042-V004,PO-RFQ-0042-V004,V004,26168.96,Net30,2024-06-04,2024-06-01,0,3,on_time,0.0,4
PAY-PO-RFQ-0043-V009,PO-RFQ-0043-V009,V009,127143.54,Net45,2024-06-20,2024-06-20,0,0,on_time,0.0,4
PAY-PO-RFQ-0043-V019,PO-RFQ-0043-V019,V019,138990.22,Net30,2024-06-02,2024-06-01,0,1,on_time,0.0,4
PAY-PO-RFQ-0043-V004,PO-RFQ-0043-V004,V004,131651.35,Net45,2024-06-23,2024-06-28,5,0,slightly_late,0.0,4
PAY-PO-RFQ-0043-V017,PO-RFQ-0043-V017,V017,125371.48,Net60,2024-07-05,2024-06-30,0,5,on_time,0.0,4
PAY-PO-RFQ-0043-V010,PO-RFQ-0043-V010,V010,117894.94,LC at sight,2024-05-04,2024-05-03,0,1,on_time,0.0,4
PAY-PO-RFQ-0044-V002,PO-RFQ-0044-V002,V002,100688.1,Net45,2024-06-17,2024-06-12,0,5,on_time,0.0,4
PAY-PO-RFQ-0044-V021,PO-RFQ-0044-V021,V021,101482.86,Net30,2024-06-03,2024-06-03,0,0,on_time,0.0,4
PAY-PO-RFQ-0044-V013,PO-RFQ-0044-V013,V013,101289.72,Net30,2024-06-08,2024-06-07,0,1,on_time,0.0,4
PAY-PO-RFQ-0044-V006,PO-RFQ-0044-V006,V006,91501.74,Net45,2024-06-22,2024-06-18,0,4,on_time,0.0,4
PAY-PO-RFQ-0044-V011,PO-RFQ-0044-V011,V011,94740.72,Net45,2024-06-24,2024-07-01,7,0,slightly_late,0.0,4
PAY-PO-RFQ-0045-V004,PO-RFQ-0045-V004,V004,28921.9,Net30,2024-06-04,2024-06-03,0,1,on_time,0.0,4
PAY-PO-RFQ-0045-V019,PO-RFQ-0045-V019,V019,31727.98,Net60,2024-07-07,2024-07-28,21,0,late,0.0,4
PAY-PO-RFQ-0045-V010,PO-RFQ-0045-V010,V010,26668.82,2/10 Net30,2024-06-08,2024-06-05,0,3,on_time,0.0,4
PAY-PO-RFQ-0045-V001,PO-RFQ-0045-V001,V001,28763.9,2/10 Net30,2024-06-06,2024-06-07,1,0,slightly_late,0.0,4
PAY-PO-RFQ-0045-V017,PO-RFQ-0045-V017,V017,25101.46,Net45,2024-06-20,2024-06-18,0,2,on_time,0.0,4
PAY-PO-RFQ-0046-V006,PO-RFQ-0046-V006,V006,13062.8,2/10 Net30,2024-06-05,2024-06-05,0,0,on_time,0.0,4
PAY-PO-RFQ-0046-V021,PO-RFQ-0046-V021,V021,12742.01,Net45,2024-06-22,2024-06-20,0,2,on_time,0.0,4
PAY-PO-RFQ-0046-V002,PO-RFQ-0046-V002,V002,12825.82,2/10 Net30,2024-06-05,2024-06-04,0,1,on_time,0.0,4
PAY-PO-RFQ-0046-V011,PO-RFQ-0046-V011,V011,12649.53,Net60,2024-07-09,2024-07-08,0,1,on_time,0.0,4
PAY-PO-RFQ-0046-V013,PO-RFQ-0046-V013,V013,13189.96,Net30,2024-06-08,2024-06-05,0,3,on_time,0.0,4
PAY-PO-RFQ-0047-V019,PO-RFQ-0047-V019,V019,30855.42,Net30,2024-06-06,2024-06-05,0,1,on_time,0.0,4
PAY-PO-RFQ-0047-V007,PO-RFQ-0047-V007,V007,29594.1,2/10 Net30,2024-06-08,2024-06-08,0,0,on_time,0.0,4
PAY-PO-RFQ-0047-V010,PO-RFQ-0047-V010,V010,29058.66,Net30,2024-06-04,2024-06-01,0,3,on_time,0.0,4
PAY-PO-RFQ-0047-V024,PO-RFQ-0047-V024,V024,29098.68,2/10 Net30,2024-06-02,2024-06-02,0,0,on_time,0.0,4
PAY-PO-RFQ-0047-V001,PO-RFQ-0047-V001,V001,29167.68,Net45,2024-06-21,2024-06-23,2,0,slightly_late,0.0,4
PAY-PO-RFQ-0048-V024,PO-RFQ-0048-V024,V024,66977.16,Net30,2024-06-08,2024-06-04,0,4,on_time,0.0,4
PAY-PO-RFQ-0048-V017,PO-RFQ-0048-V017,V017,60000.24,Net45,2024-06-21,2024-06-20,0,1,on_time,0.0,4
PAY-PO-RFQ-0048-V004,PO-RFQ-0048-V004,V004,63606.36,Net60,2024-07-06,2024-07-04,0,2,on_time,0.0,4
PAY-PO-RFQ-0048-V001,PO-RFQ-0048-V001,V001,64471.32,2/10 Net30,2024-06-04,2024-06-03,0,1,on_time,0.0,4
PAY-PO-RFQ-0048-V009,PO-RFQ-0048-V009,V009,64992.84,2/10 Net30,2024-06-02,2024-05-30,0,3,on_time,0.0,4
PAY-PO-RFQ-0049-V002,PO-RFQ-0049-V002,V002,18024.6,LC at sight,2024-05-04,2024-04-30,0,4,on_time,0.0,4
PAY-PO-RFQ-0049-V016,PO-RFQ-0049-V016,V016,18889.2,Net60,2024-07-09,2024-07-15,6,0,slightly_late,0.0,4
PAY-PO-RFQ-0049-V013,PO-RFQ-0049-V013,V013,17899.2,Net45,2024-06-21,2024-06-27,6,0,slightly_late,0.0,4
PAY-PO-RFQ-0049-V011,PO-RFQ-0049-V011,V011,20357.7,Net45,2024-06-24,2024-06-23,0,1,on_time,0.0,4
PAY-PO-RFQ-0050-V001,PO-RFQ-0050-V001,V001,27098.82,2/10 Net30,2024-06-06,2024-06-05,0,1,on_time,0.0,4
PAY-PO-RFQ-0050-V022,PO-RFQ-0050-V022,V022,26390.48,Net60,2024-07-08,2024-07-04,0,4,on_time,0.0,4
PAY-PO-RFQ-0050-V004,PO-RFQ-0050-V004,V004,26805.64,2/10 Net30,2024-06-04,2024-06-05,1,0,slightly_late,0.0,4
PAY-PO-RFQ-0050-V009,PO-RFQ-0050-V009,V009,27462.62,2/10 Net30,2024-06-05,2024-06-04,0,1,on_time,0.0,4
PAY-PO-RFQ-0050-V019,PO-RFQ-0050-V019,V019,29889.38,Net30,2024-06-04,2024-06-04,0,0,on_time,0.0,4
PAY-PO-RFQ-0051-V019,PO-RFQ-0051-V019,V019,129629.74,2/10 Net30,2024-06-05,2024-06-11,6,0,slightly_late,0.0,4
PAY-PO-RFQ-0051-V017,PO-RFQ-0051-V017,V017,121607.3,Net45,2024-06-23,2024-06-20,0,3,on_time,0.0,4
PAY-PO-RFQ-0051-V001,PO-RFQ-0051-V001,V001,127612.34,Net30,2024-06-04,2024-06-03,0,1,on_time,0.0,4
PAY-PO-RFQ-0051-V004,PO-RFQ-0051-V004,V004,130758.96,Net60,2024-07-06,2024-07-05,0,1,on_time,0.0,4
PAY-PO-RFQ-0051-V024,PO-RFQ-0051-V024,V024,130392.16,Net30,2024-06-06,2024-06-02,0,4,on_time,0.0,4
PAY-PO-RFQ-0052-V021,PO-RFQ-0052-V021,V021,81098.16,LC at sight,2024-06-06,2024-06-01,0,5,on_time,0.0,5
PAY-PO-RFQ-0052-V013,PO-RFQ-0052-V013,V013,80929.68,2/10 Net30,2024-07-06,2024-07-08,2,0,slightly_late,0.0,5
PAY-PO-RFQ-0052-V011,PO-RFQ-0052-V011,V011,71766.24,Net30,2024-07-02,2024-07-04,2,0,slightly_late,0.0,5
PAY-PO-RFQ-0052-V002,PO-RFQ-0052-V002,V002,78976.56,Net45,2024-07-18,2024-07-19,1,0,slightly_late,0.0,5
PAY-PO-RFQ-0052-V016,PO-RFQ-0052-V016,V016,75344.88,Net60,2024-08-05,2024-08-04,0,1,on_time,0.0,5
PAY-PO-RFQ-0053-V009,PO-RFQ-0053-V009,V009,32932.37,LC at sight,2024-06-05,2024-05-31,0,5,on_time,0.0,5
PAY-PO-RFQ-0053-V004,PO-RFQ-0053-V004,V004,34853.88,2/10 Net30,2024-07-04,2024-07-03,0,1,on_time,0.0,5
PAY-PO-RFQ-0053-V001,PO-RFQ-0053-V001,V001,33285.43,Net45,2024-07-17,2024-07-15,0,2,on_time,0.0,5
PAY-PO-RFQ-0053-V017,PO-RFQ-0053-V017,V017,29954.22,Net60,2024-08-01,2024-08-01,0,0,on_time,0.0,5
PAY-PO-RFQ-0053-V024,PO-RFQ-0053-V024,V024,33817.56,LC at sight,2024-06-08,2024-06-04,0,4,on_time,0.0,5
PAY-PO-RFQ-0054-V013,PO-RFQ-0054-V013,V013,33538.4,Net30,2024-07-07,2024-07-02,0,5,on_time,0.0,5
PAY-PO-RFQ-0054-V016,PO-RFQ-0054-V016,V016,30427.6,Net45,2024-07-24,2024-07-21,0,3,on_time,0.0,5
PAY-PO-RFQ-0054-V021,PO-RFQ-0054-V021,V021,34781.6,Net30,2024-07-04,2024-07-05,1,0,slightly_late,0.0,5
PAY-PO-RFQ-0054-V002,PO-RFQ-0054-V002,V002,33549.6,2/10 Net30,2024-07-06,2024-07-25,19,0,late,0.0,5
PAY-PO-RFQ-0054-V018,PO-RFQ-0054-V018,V018,34664.0,Net60,2024-08-05,2024-08-01,0,4,on_time,0.0,5
PAY-PO-RFQ-0055-V006,PO-RFQ-0055-V006,V006,134961.68,2/10 Net30,2024-07-05,2024-07-02,0,3,on_time,0.0,5
PAY-PO-RFQ-0055-V016,PO-RFQ-0055-V016,V016,153181.84,Net30,2024-07-07,2024-07-02,0,5,on_time,0.0,5
PAY-PO-RFQ-0055-V011,PO-RFQ-0055-V011,V011,155365.28,2/10 Net30,2024-07-08,2024-07-07,0,1,on_time,0.0,5
PAY-PO-RFQ-0055-V013,PO-RFQ-0055-V013,V013,187285.84,Net45,2024-07-20,2024-07-20,0,0,on_time,0.0,5
PAY-PO-RFQ-0055-V002,PO-RFQ-0055-V002,V002,193079.6,Net30,2024-07-07,2024-07-06,0,1,on_time,0.0,5
PAY-PO-RFQ-0056-V016,PO-RFQ-0056-V016,V016,172088.28,Net60,2024-08-06,2024-08-03,0,3,on_time,0.0,5
PAY-PO-RFQ-0056-V011,PO-RFQ-0056-V011,V011,148431.08,Net45,2024-07-24,2024-07-23,0,1,on_time,0.0,5
PAY-PO-RFQ-0056-V006,PO-RFQ-0056-V006,V006,179175.92,2/10 Net30,2024-07-07,2024-07-03,0,4,on_time,0.0,5
PAY-PO-RFQ-0056-V018,PO-RFQ-0056-V018,V018,193351.2,2/10 Net30,2024-07-05,2024-07-03,0,2,on_time,0.0,5
PAY-PO-RFQ-0057-V004,PO-RFQ-0057-V004,V004,35312.72,Net30,2024-07-02,2024-07-01,0,1,on_time,0.0,5
PAY-PO-RFQ-0057-V017,PO-RFQ-0057-V017,V017,31461.52,LC at sight,2024-06-03,2024-05-29,0,5,on_time,0.0,5
PAY-PO-RFQ-0057-V019,PO-RFQ-0057-V019,V019,36915.84,Net45,2024-07-19,2024-07-17,0,2,on_time,0.0,5
PAY-PO-RFQ-0057-V007,PO-RFQ-0057-V007,V007,38416.88,Net30,2024-07-08,2024-08-01,24,0,late,0.0,5
PAY-PO-RFQ-0057-V001,PO-RFQ-0057-V001,V001,34874.24,2/10 Net30,2024-07-05,2024-07-03,0,2,on_time,0.0,5
PAY-PO-RFQ-0058-V012,PO-RFQ-0058-V012,V012,44788.08,LC at sight,2024-06-08,2024-06-05,0,3,on_time,0.0,5
PAY-PO-RFQ-0058-V008,PO-RFQ-0058-V008,V008,42878.25,Net30,2024-07-03,2024-07-01,0,2,on_time,0.0,5
PAY-PO-RFQ-0058-V015,PO-RFQ-0058-V015,V015,44074.77,Net45,2024-07-24,2024-07-24,0,0,on_time,0.0,5
PAY-PO-RFQ-0058-V003,PO-RFQ-0058-V003,V003,43191.54,Net45,2024-07-20,2024-07-15,0,5,on_time,0.0,5
PAY-PO-RFQ-0058-V014,PO-RFQ-0058-V014,V014,42857.01,Net60,2024-08-04,2024-08-02,0,2,on_time,0.0,5
PAY-PO-RFQ-0059-V006,PO-RFQ-0059-V006,V006,42593.28,Net30,2024-07-03,2024-07-07,4,0,slightly_late,0.0,5
PAY-PO-RFQ-0059-V013,PO-RFQ-0059-V013,V013,54376.96,Net30,2024-07-06,2024-07-06,0,0,on_time,0.0,5
PAY-PO-RFQ-0059-V018,PO-RFQ-0059-V018,V018,55122.56,Net30,2024-07-08,2024-07-05,0,3,on_time,0.0,5
PAY-PO-RFQ-0059-V011,PO-RFQ-0059-V011,V011,44233.6,LC at sight,2024-06-06,2024-06-05,0,1,on_time,0.0,5
PAY-PO-RFQ-0059-V021,PO-RFQ-0059-V021,V021,53387.52,Net45,2024-07-24,2024-07-22,0,2,on_time,0.0,5
PAY-PO-RFQ-0060-V010,PO-RFQ-0060-V010,V010,22827.98,Net60,2024-08-02,2024-07-30,0,3,on_time,0.0,5
PAY-PO-RFQ-0060-V001,PO-RFQ-0060-V001,V001,24954.65,LC at sight,2024-06-05,2024-06-03,0,2,on_time,0.0,5
PAY-PO-RFQ-0060-V009,PO-RFQ-0060-V009,V009,26028.03,Net30,2024-07-03,2024-07-09,6,0,slightly_late,0.0,5
PAY-PO-RFQ-0060-V004,PO-RFQ-0060-V004,V004,25273.22,LC at sight,2024-06-06,2024-06-02,0,4,on_time,0.0,5
PAY-PO-RFQ-0060-V017,PO-RFQ-0060-V017,V017,23577.05,Net30,2024-07-05,2024-07-01,0,4,on_time,0.0,5
PAY-PO-RFQ-0061-V005,PO-RFQ-0061-V005,V005,2515.65,Net60,2024-08-08,2024-08-22,14,0,late,0.0,5
PAY-PO-RFQ-0061-V014,PO-RFQ-0061-V014,V014,2669.1,Net30,2024-07-04,2024-06-29,0,5,on_time,0.0,5
PAY-PO-RFQ-0061-V015,PO-RFQ-0061-V015,V015,2821.0,Net45,2024-07-24,2024-07-23,0,1,on_time,0.0,5
PAY-PO-RFQ-0061-V003,PO-RFQ-0061-V003,V003,2642.75,Net60,2024-08-07,2024-08-07,0,0,on_time,0.0,5
PAY-PO-RFQ-0061-V008,PO-RFQ-0061-V008,V008,2484.65,Net30,2024-07-03,2024-07-01,0,2,on_time,0.0,5
PAY-PO-RFQ-0062-V009,PO-RFQ-0062-V009,V009,10623.6,LC at sight,2024-07-05,2024-07-01,0,4,on_time,0.0,6
PAY-PO-RFQ-0062-V010,PO-RFQ-0062-V010,V010,8360.82,Net30,2024-08-05,2024-08-03,0,2,on_time,0.0,6
PAY-PO-RFQ-0062-V001,PO-RFQ-0062-V001,V001,10471.5,Net60,2024-09-06,2024-09-03,0,3,on_time,0.0,6
PAY-PO-RFQ-0062-V017,PO-RFQ-0062-V017,V017,10052.64,2/10 Net30,2024-08-06,2024-08-06,0,0,on_time,0.0,6
PAY-PO-RFQ-0062-V004,PO-RFQ-0062-V004,V004,10665.72,Net30,2024-08-03,2024-07-30,0,4,on_time,0.0,6
PAY-PO-RFQ-0063-V021,PO-RFQ-0063-V021,V021,162353.91,LC at sight,2024-07-03,2024-07-03,0,0,on_time,0.0,6
PAY-PO-RFQ-0063-V002,PO-RFQ-0063-V002,V002,162847.81,Net60,2024-08-31,2024-09-05,5,0,slightly_late,0.0,6
PAY-PO-RFQ-0063-V013,PO-RFQ-0063-V013,V013,162614.33,Net45,2024-08-19,2024-08-17,0,2,on_time,0.0,6
PAY-PO-RFQ-0063-V006,PO-RFQ-0063-V006,V006,154191.09,Net45,2024-08-18,2024-08-25,7,0,slightly_late,0.0,6
PAY-PO-RFQ-0063-V018,PO-RFQ-0063-V018,V018,161208.96,Net45,2024-08-16,2024-08-16,0,0,on_time,0.0,6
PAY-PO-RFQ-0064-V013,PO-RFQ-0064-V013,V013,5977.44,Net45,2024-08-19,2024-08-16,0,3,on_time,0.0,6
PAY-PO-RFQ-0064-V006,PO-RFQ-0064-V006,V006,4721.92,Net45,2024-08-19,2024-08-15,0,4,on_time,0.0,6
PAY-PO-RFQ-0064-V016,PO-RFQ-0064-V016,V016,4790.24,2/10 Net30,2024-08-05,2024-07-31,0,5,on_time,0.0,6
PAY-PO-RFQ-0065-V004,PO-RFQ-0065-V004,V004,43615.6,2/10 Net30,2024-08-01,2024-08-05,4,0,slightly_late,0.0,6
PAY-PO-RFQ-0065-V001,PO-RFQ-0065-V001,V001,45766.0,LC at sight,2024-07-05,2024-07-09,4,0,slightly_late,0.0,6
PAY-PO-RFQ-0065-V009,PO-RFQ-0065-V009,V009,43878.8,Net30,2024-08-03,2024-07-31,0,3,on_time,0.0,6
PAY-PO-RFQ-0065-V010,PO-RFQ-0065-V010,V010,45900.4,Net45,2024-08-17,2024-08-16,0,1,on_time,0.0,6
PAY-PO-RFQ-0065-V019,PO-RFQ-0065-V019,V019,48498.8,Net60,2024-09-05,2024-08-31,0,5,on_time,0.0,6
PAY-PO-RFQ-0066-V006,PO-RFQ-0066-V006,V006,155394.4,Net45,2024-08-22,2024-08-26,4,0,slightly_late,0.0,6
PAY-PO-RFQ-0066-V021,PO-RFQ-0066-V021,V021,148702.4,Net45,2024-08-17,2024-08-16,0,1,on_time,0.0,6
PAY-PO-RFQ-0066-V002,PO-RFQ-0066-V002,V002,146568.8,2/10 Net30,2024-08-08,2024-08-05,0,3,on_time,0.0,6
PAY-PO-RFQ-0066-V016,PO-RFQ-0066-V016,V016,128388.4,Net45,2024-08-16,2024-08-11,0,5,on_time,0.0,6
PAY-PO-RFQ-0066-V018,PO-RFQ-0066-V018,V018,160300.0,Net30,2024-08-06,2024-08-09,3,0,slightly_late,0.0,6
PAY-PO-RFQ-0067-V013,PO-RFQ-0067-V013,V013,35473.9,2/10 Net30,2024-08-03,2024-08-01,0,2,on_time,0.0,6
PAY-PO-RFQ-0067-V006,PO-RFQ-0067-V006,V006,31932.46,Net30,2024-08-02,2024-07-30,0,3,on_time,0.0,6
PAY-PO-RFQ-0067-V021,PO-RFQ-0067-V021,V021,34341.02,Net45,2024-08-18,2024-08-16,0,2,on_time,0.0,6
PAY-PO-RFQ-0067-V011,PO-RFQ-0067-V011,V011,33767.44,Net45,2024-08-17,2024-08-14,0,3,on_time,0.0,6
PAY-PO-RFQ-0067-V016,PO-RFQ-0067-V016,V016,38525.06,Net30,2024-08-07,2024-08-04,0,3,on_time,0.0,6
PAY-PO-RFQ-0068-V011,PO-RFQ-0068-V011,V011,70651.2,Net45,2024-08-22,2024-08-27,5,0,slightly_late,0.0,6
PAY-PO-RFQ-0068-V016,PO-RFQ-0068-V016,V016,71272.27,Net60,2024-09-02,2024-09-07,5,0,slightly_late,0.0,6
PAY-PO-RFQ-0068-V013,PO-RFQ-0068-V013,V013,75813.62,2/10 Net30,2024-08-06,2024-08-05,0,1,on_time,0.0,6
PAY-PO-RFQ-0068-V021,PO-RFQ-0068-V021,V021,75770.54,LC at sight,2024-07-04,2024-06-29,0,5,on_time,0.0,6
PAY-PO-RFQ-0068-V002,PO-RFQ-0068-V002,V002,75626.94,2/10 Net30,2024-08-04,2024-08-01,0,3,on_time,0.0,6
PAY-PO-RFQ-0069-V013,PO-RFQ-0069-V013,V013,6408.6,Net45,2024-08-22,2024-08-19,0,3,on_time,0.0,6
PAY-PO-RFQ-0069-V011,PO-RFQ-0069-V011,V011,7214.9,Net60,2024-09-07,2024-09-05,0,2,on_time,0.0,6
PAY-PO-RFQ-0069-V016,PO-RFQ-0069-V016,V016,5938.9,Net60,2024-09-05,2024-09-07,2,0,slightly_late,0.0,6
PAY-PO-RFQ-0069-V006,PO-RFQ-0069-V006,V006,5936.7,Net30,2024-08-04,2024-08-03,0,1,on_time,0.0,6
PAY-PO-RFQ-0069-V021,PO-RFQ-0069-V021,V021,6459.2,2/10 Net30,2024-08-04,2024-08-04,0,0,on_time,0.0,6
PAY-PO-RFQ-0070-V003,PO-RFQ-0070-V003,V003,11418.24,2/10 Net30,2024-08-05,2024-08-01,0,4,on_time,0.0,6
PAY-PO-RFQ-0070-V008,PO-RFQ-0070-V008,V008,11524.26,Net30,2024-08-08,2024-08-08,0,0,on_time,0.0,6
PAY-PO-RFQ-0070-V015,PO-RFQ-0070-V015,V015,12546.84,Net45,2024-08-17,2024-08-12,0,5,on_time,0.0,6
PAY-PO-RFQ-0070-V014,PO-RFQ-0070-V014,V014,12488.7,Net45,2024-08-16,2024-08-11,0,5,on_time,0.0,6
PAY-PO-RFQ-0070-V005,PO-RFQ-0070-V005,V005,11662.2,LC at sight,2024-07-03,2024-06-29,0,4,on_time,0.0,6
PAY-PO-RFQ-0071-V017,PO-RFQ-0071-V017,V017,29893.97,2/10 Net30,2024-09-07,2024-09-04,0,3,on_time,0.0,7
PAY-PO-RFQ-0071-V007,PO-RFQ-0071-V007,V007,34222.18,Net30,2024-09-02,2024-08-30,0,3,on_time,0.0,7
PAY-PO-RFQ-0071-V009,PO-RFQ-0071-V009,V009,30717.11,LC at sight,2024-08-03,2024-07-31,0,3,on_time,0.0,7
PAY-PO-RFQ-0071-V001,PO-RFQ-0071-V001,V001,32809.93,Net45,2024-09-18,2024-09-16,0,2,on_time,0.0,7
PAY-PO-RFQ-0071-V010,PO-RFQ-0071-V010,V010,29205.33,Net30,2024-09-03,2024-08-30,0,4,on_time,0.0,7
PAY-PO-RFQ-0072-V008,PO-RFQ-0072-V008,V008,64739.4,Net45,2024-09-16,2024-09-15,0,1,on_time,0.0,7
PAY-PO-RFQ-0072-V005,PO-RFQ-0072-V005,V005,64649.64,Net60,2024-10-01,2024-09-26,0,5,on_time,0.0,7
PAY-PO-RFQ-0072-V015,PO-RFQ-0072-V015,V015,69212.44,Net60,2024-10-01,2024-09-27,0,4,on_time,0.0,7
PAY-PO-RFQ-0072-V014,PO-RFQ-0072-V014,V014,69668.72,Net60,2024-10-04,2024-09-29,0,5,on_time,0.0,7
PAY-PO-RFQ-0072-V012,PO-RFQ-0072-V012,V012,70038.98,Net45,2024-09-17,2024-09-15,0,2,on_time,0.0,7
PAY-PO-RFQ-0073-V002,PO-RFQ-0073-V002,V002,57038.64,2/10 Net30,2024-08-31,2024-08-29,0,2,on_time,0.0,7
PAY-PO-RFQ-0073-V013,PO-RFQ-0073-V013,V013,54757.92,Net45,2024-09-22,2024-09-28,6,0,slightly_late,0.0,7
PAY-PO-RFQ-0073-V011,PO-RFQ-0073-V011,V011,52616.52,Net45,2024-09-17,2024-09-12,0,5,on_time,0.0,7
PAY-PO-RFQ-0073-V006,PO-RFQ-0073-V006,V006,51517.44,LC at sight,2024-08-02,2024-07-31,0,2,on_time,0.0,7
PAY-PO-RFQ-0073-V018,PO-RFQ-0073-V018,V018,59690.88,LC at sight,2024-08-03,2024-08-02,0,1,on_time,0.0,7
PAY-PO-RFQ-0074-V002,PO-RFQ-0074-V002,V002,7388.02,Net30,2024-09-07,2024-09-03,0,4,on_time,0.0,7
PAY-PO-RFQ-0074-V013,PO-RFQ-0074-V013,V013,7174.38,LC at sight,2024-08-07,2024-08-05,0,2,on_time,0.0,7
PAY-PO-RFQ-0074-V016,PO-RFQ-0074-V016,V016,6441.9,Net60,2024-10-01,2024-09-26,0,5,on_time,0.0,7
PAY-PO-RFQ-0074-V018,PO-RFQ-0074-V018,V018,7865.44,Net45,2024-09-22,2024-09-20,0,2,on_time,0.0,7
PAY-PO-RFQ-0075-V006,PO-RFQ-0075-V006,V006,21941.92,Net60,2024-10-04,2024-10-11,7,0,slightly_late,0.0,7
PAY-PO-RFQ-0075-V013,PO-RFQ-0075-V013,V013,26488.8,Net30,2024-08-31,2024-08-29,0,2,on_time,0.0,7
PAY-PO-RFQ-0075-V016,PO-RFQ-0075-V016,V016,24835.2,Net30,2024-08-31,2024-08-29,0,2,on_time,0.0,7
PAY-PO-RFQ-0075-V002,PO-RFQ-0075-V002,V002,26436.8,Net30,2024-08-31,2024-09-02,2,0,slightly_late,0.0,7
PAY-PO-RFQ-0075-V011,PO-RFQ-0075-V011,V011,26919.36,Net60,2024-10-01,2024-09-29,0,2,on_time,0.0,7
PAY-PO-RFQ-0076-V002,PO-RFQ-0076-V002,V002,244648.25,LC at sight,2024-08-03,2024-08-01,0,2,on_time,0.0,7
PAY-PO-RFQ-0076-V013,PO-RFQ-0076-V013,V013,255035.55,Net30,2024-09-01,2024-08-27,0,5,on_time,0.0,7
PAY-PO-RFQ-0076-V016,PO-RFQ-0076-V016,V016,221409.95,2/10 Net30,2024-09-03,2024-08-31,0,3,on_time,0.0,7
PAY-PO-RFQ-0076-V021,PO-RFQ-0076-V021,V021,244385.55,2/10 Net30,2024-09-01,2024-09-02,1,0,slightly_late,0.0,7
PAY-PO-RFQ-0076-V006,PO-RFQ-0076-V006,V006,228140.75,Net30,2024-09-05,2024-09-04,0,1,on_time,0.0,7
PAY-PO-RFQ-0077-V006,PO-RFQ-0077-V006,V006,67891.95,Net45,2024-09-15,2024-09-14,0,1,on_time,0.0,7
PAY-PO-RFQ-0077-V021,PO-RFQ-0077-V021,V021,75856.9,Net60,2024-10-05,2024-09-30,0,5,on_time,0.0,7
PAY-PO-RFQ-0077-V002,PO-RFQ-0077-V002,V002,75256.65,Net30,2024-09-06,2024-09-04,0,2,on_time,0.0,7
PAY-PO-RFQ-0077-V013,PO-RFQ-0077-V013,V013,75217.45,Net60,2024-10-04,2024-10-06,2,0,slightly_late,0.0,7
PAY-PO-RFQ-0078-V012,PO-RFQ-0078-V012,V012,93240.48,Net45,2024-09-19,2024-09-14,0,5,on_time,0.0,7
PAY-PO-RFQ-0078-V015,PO-RFQ-0078-V015,V015,91108.56,LC at sight,2024-08-02,2024-08-01,0,1,on_time,0.0,7
PAY-PO-RFQ-0078-V005,PO-RFQ-0078-V005,V005,84912.08,LC at sight,2024-08-03,2024-07-29,0,5,on_time,0.0,7
PAY-PO-RFQ-0078-V003,PO-RFQ-0078-V003,V003,94627.92,Net60,2024-10-07,2024-10-07,0,0,on_time,0.0,7
PAY-PO-RFQ-0078-V020,PO-RFQ-0078-V020,V020,92180.16,LC at sight,2024-08-08,2024-08-13,5,0,slightly_late,0.0,7
PAY-PO-RFQ-0079-V021,PO-RFQ-0079-V021,V021,16549.0,Net45,2024-09-16,2024-09-13,0,3,on_time,0.0,7
PAY-PO-RFQ-0079-V002,PO-RFQ-0079-V002,V002,16294.4,Net60,2024-10-02,2024-10-21,19,0,late,0.0,7
PAY-PO-RFQ-0079-V013,PO-RFQ-0079-V013,V013,16150.0,Net60,2024-09-30,2024-09-28,0,2,on_time,0.0,7
PAY-PO-RFQ-0079-V011,PO-RFQ-0079-V011,V011,15667.4,2/10 Net30,2024-09-06,2024-09-01,0,5,on_time,0.0,7
PAY-PO-RFQ-0079-V006,PO-RFQ-0079-V006,V006,15576.2,LC at sight,2024-08-01,2024-07-28,0,4,on_time,0.0,7
PAY-PO-RFQ-0080-V009,PO-RFQ-0080-V009,V009,4408.32,2/10 Net30,2024-09-06,2024-09-04,0,2,on_time,0.0,7
PAY-PO-RFQ-0080-V001,PO-RFQ-0080-V001,V001,4577.28,Net30,2024-08-31,2024-08-27,0,4,on_time,0.0,7
PAY-PO-RFQ-0080-V017,PO-RFQ-0080-V017,V017,4266.24,Net30,2024-08-31,2024-08-29,0,2,on_time,0.0,7
PAY-PO-RFQ-0080-V024,PO-RFQ-0080-V024,V024,4467.84,Net45,2024-09-19,2024-09-17,0,2,on_time,0.0,7
PAY-PO-RFQ-0080-V007,PO-RFQ-0080-V007,V007,4813.44,Net60,2024-10-06,2024-10-01,0,5,on_time,0.0,7
PAY-PO-RFQ-0081-V019,PO-RFQ-0081-V019,V019,44368.99,Net30,2024-09-05,2024-09-09,4,0,slightly_late,0.0,7
PAY-PO-RFQ-0081-V001,PO-RFQ-0081-V001,V001,42701.82,LC at sight,2024-08-06,2024-08-01,0,5,on_time,0.0,7
PAY-PO-RFQ-0081-V024,PO-RFQ-0081-V024,V024,44058.41,LC at sight,2024-08-05,2024-08-01,0,4,on_time,0.0,7
PAY-PO-RFQ-0081-V004,PO-RFQ-0081-V004,V004,43413.81,2/10 Net30,2024-09-02,2024-08-29,0,4,on_time,0.0,7
PAY-PO-RFQ-0081-V017,PO-RFQ-0081-V017,V017,40094.12,LC at sight,2024-08-07,2024-08-05,0,2,on_time,0.0,7
PAY-PO-RFQ-0082-V005,PO-RFQ-0082-V005,V005,2760.06,Net45,2024-10-16,2024-10-22,6,0,slightly_late,0.0,8
PAY-PO-RFQ-0082-V003,PO-RFQ-0082-V003,V003,2975.15,Net45,2024-10-21,2024-10-16,0,5,on_time,0.0,8
PAY-PO-RFQ-0082-V014,PO-RFQ-0082-V014,V014,2893.51,LC at sight,2024-09-04,2024-09-03,0,1,on_time,0.0,8
PAY-PO-RFQ-0082-V020,PO-RFQ-0082-V020,V020,2976.72,Net60,2024-11-02,2024-11-02,0,0,on_time,0.0,8
PAY-PO-RFQ-0083-V021,PO-RFQ-0083-V021,V021,203823.57,Net30,2024-10-05,2024-10-02,0,3,on_time,0.0,8
PAY-PO-RFQ-0083-V002,PO-RFQ-0083-V002,V002,200756.52,Net60,2024-11-04,2024-11-01,0,3,on_time,0.0,8
PAY-PO-RFQ-0083-V018,PO-RFQ-0083-V018,V018,208300.32,LC at sight,2024-09-02,2024-08-28,0,5,on_time,0.0,8
PAY-PO-RFQ-0084-V006,PO-RFQ-0084-V006,V006,143711.82,Net30,2024-10-06,2024-10-02,0,4,on_time,0.0,8
PAY-PO-RFQ-0084-V016,PO-RFQ-0084-V016,V016,146995.02,2/10 Net30,2024-09-30,2024-09-26,0,4,on_time,0.0,8
PAY-PO-RFQ-0084-V011,PO-RFQ-0084-V011,V011,173352.96,2/10 Net30,2024-09-30,2024-09-26,0,4,on_time,0.0,8
PAY-PO-RFQ-0084-V013,PO-RFQ-0084-V013,V013,157013.91,Net45,2024-10-18,2024-10-18,0,0,on_time,0.0,8
PAY-PO-RFQ-0084-V002,PO-RFQ-0084-V002,V002,160061.13,LC at sight,2024-09-06,2024-09-05,0,1,on_time,0.0,8
PAY-PO-RFQ-0085-V012,PO-RFQ-0085-V012,V012,97629.59,LC at sight,2024-09-07,2024-09-05,0,2,on_time,0.0,8
PAY-PO-RFQ-0085-V015,PO-RFQ-0085-V015,V015,96083.85,Net30,2024-10-05,2024-10-02,0,3,on_time,0.0,8
PAY-PO-RFQ-0085-V005,PO-RFQ-0085-V005,V005,85053.71,Net45,2024-10-17,2024-10-23,6,0,slightly_late,0.0,8
PAY-PO-RFQ-0085-V020,PO-RFQ-0085-V020,V020,100187.12,Net30,2024-10-01,2024-09-26,0,5,on_time,0.0,8
PAY-PO-RFQ-0086-V010,PO-RFQ-0086-V010,V010,4663.02,Net30,2024-10-04,2024-10-10,6,0,slightly_late,0.0,8
PAY-PO-RFQ-0086-V004,PO-RFQ-0086-V004,V004,4828.56,2/10 Net30,2024-10-01,2024-09-27,0,4,on_time,0.0,8
PAY-PO-RFQ-0086-V001,PO-RFQ-0086-V001,V001,4990.38,LC at sight,2024-09-04,2024-08-30,0,5,on_time,0.0,8
PAY-PO-RFQ-0086-V009,PO-RFQ-0086-V009,V009,4888.08,LC at sight,2024-09-01,2024-08-27,0,5,on_time,0.0,8
PAY-PO-RFQ-0086-V024,PO-RFQ-0086-V024,V024,4891.8,Net60,2024-10-30,2024-10-29,0,1,on_time,0.0,8
PAY-PO-RFQ-0087-V001,PO-RFQ-0087-V001,V001,9673.16,Net45,2024-10-19,2024-10-19,0,0,on_time,0.0,8
PAY-PO-RFQ-0087-V010,PO-RFQ-0087-V010,V010,8605.87,2/10 Net30,2024-10-07,2024-10-06,0,1,on_time,0.0,8
PAY-PO-RFQ-0087-V019,PO-RFQ-0087-V019,V019,10310.06,LC at sight,2024-09-03,2024-09-09,6,0,slightly_late,0.0,8
PAY-PO-RFQ-0087-V004,PO-RFQ-0087-V004,V004,9511.04,2/10 Net30,2024-10-03,2024-09-28,0,5,on_time,0.0,8
PAY-PO-RFQ-0087-V007,PO-RFQ-0087-V007,V007,9833.35,LC at sight,2024-09-03,2024-08-30,0,4,on_time,0.0,8
PAY-PO-RFQ-0088-V015,PO-RFQ-0088-V015,V015,64829.7,2/10 Net30,2024-10-01,2024-09-26,0,5,on_time,0.0,8
PAY-PO-RFQ-0088-V020,PO-RFQ-0088-V020,V020,66292.2,Net45,2024-10-19,2024-10-17,0,2,on_time,0.0,8
PAY-PO-RFQ-0088-V005,PO-RFQ-0088-V005,V005,63564.15,Net30,2024-10-02,2024-10-01,0,1,on_time,0.0,8
PAY-PO-RFQ-0088-V003,PO-RFQ-0088-V003,V003,64028.25,2/10 Net30,2024-10-02,2024-10-08,6,0,slightly_late,0.0,8
PAY-PO-RFQ-0088-V023,PO-RFQ-0088-V023,V023,69209.4,Net45,2024-10-19,2024-10-20,1,0,slightly_late,0.0,8
PAY-PO-RFQ-0089-V005,PO-RFQ-0089-V005,V005,61948.7,2/10 Net30,2024-10-04,2024-10-03,0,1,on_time,0.0,8
PAY-PO-RFQ-0089-V015,PO-RFQ-0089-V015,V015,62044.92,Net45,2024-10-19,2024-10-18,0,1,on_time,0.0,8
PAY-PO-RFQ-0089-V003,PO-RFQ-0089-V003,V003,65039.06,Net45,2024-10-15,2024-10-16,1,0,slightly_late,0.0,8
PAY-PO-RFQ-0089-V020,PO-RFQ-0089-V020,V020,64167.42,Net45,2024-10-21,2024-10-20,0,1,on_time,0.0,8
PAY-PO-RFQ-0090-V008,PO-RFQ-0090-V008,V008,979.8,LC at sight,2024-09-05,2024-09-07,2,0,slightly_late,0.0,8
PAY-PO-RFQ-0090-V020,PO-RFQ-0090-V020,V020,1043.28,Net45,2024-10-21,2024-10-20,0,1,on_time,0.0,8
PAY-PO-RFQ-0090-V003,PO-RFQ-0090-V003,V003,1037.76,Net60,2024-10-31,2024-10-31,0,0,on_time,0.0,8
PAY-PO-RFQ-0090-V015,PO-RFQ-0090-V015,V015,1007.4,Net30,2024-10-04,2024-09-30,0,4,on_time,0.0,8
PAY-PO-RFQ-0090-V012,PO-RFQ-0090-V012,V012,1007.4,Net30,2024-10-07,2024-10-03,0,4,on_time,0.0,8
PAY-PO-RFQ-0091-V021,PO-RFQ-0091-V021,V021,111696.39,Net60,2024-11-05,2024-11-03,0,2,on_time,0.0,8
PAY-PO-RFQ-0091-V006,PO-RFQ-0091-V006,V006,102897.99,Net45,2024-10-21,2024-10-16,0,5,on_time,0.0,8
PAY-PO-RFQ-0091-V018,PO-RFQ-0091-V018,V018,121892.94,Net60,2024-11-04,2024-11-01,0,3,on_time,0.0,8
PAY-PO-RFQ-0092-V010,PO-RFQ-0092-V010,V010,65490.53,Net30,2024-10-04,2024-09-30,0,4,on_time,0.0,8
PAY-PO-RFQ-0092-V004,PO-RFQ-0092-V004,V004,69531.49,2/10 Net30,2024-10-02,2024-09-29,0,3,on_time,0.0,8
PAY-PO-RFQ-0092-V001,PO-RFQ-0092-V001,V001,70911.96,Net60,2024-11-02,2024-10-29,0,4,on_time,0.0,8
PAY-PO-RFQ-0092-V009,PO-RFQ-0092-V009,V009,67582.76,LC at sight,2024-09-05,2024-09-04,0,1,on_time,0.0,8
PAY-PO-RFQ-0092-V019,PO-RFQ-0092-V019,V019,74025.91,Net60,2024-11-01,2024-11-01,0,0,on_time,0.0,8
PAY-PO-RFQ-0093-V014,PO-RFQ-0093-V014,V014,38269.72,Net30,2024-11-02,2024-10-28,0,5,on_time,0.04,9
PAY-PO-RFQ-0093-V015,PO-RFQ-0093-V015,V015,38789.09,2/10 Net30,2024-10-31,2024-10-27,0,4,on_time,0.04,9
PAY-PO-RFQ-0093-V003,PO-RFQ-0093-V003,V003,37895.64,Net60,2024-12-05,2024-12-22,17,0,late,0.04,9
PAY-PO-RFQ-0093-V012,PO-RFQ-0093-V012,V012,39572.32,Net60,2024-12-05,2024-12-05,0,0,on_time,0.04,9
PAY-PO-RFQ-0093-V005,PO-RFQ-0093-V005,V005,37750.35,LC at sight,2024-10-04,2024-09-29,0,5,on_time,0.04,9
PAY-PO-RFQ-0094-V003,PO-RFQ-0094-V003,V003,9507.7,Net45,2024-11-14,2024-11-11,0,3,on_time,0.04,9
PAY-PO-RFQ-0094-V014,PO-RFQ-0094-V014,V014,9214.75,Net60,2024-11-30,2024-12-05,5,0,slightly_late,0.04,9
PAY-PO-RFQ-0094-V015,PO-RFQ-0094-V015,V015,9628.6,LC at sight,2024-10-03,2024-10-25,22,0,late,0.04,9
PAY-PO-RFQ-0094-V020,PO-RFQ-0094-V020,V020,9518.55,Net60,2024-12-01,2024-11-29,0,2,on_time,0.04,9
PAY-PO-RFQ-0094-V008,PO-RFQ-0094-V008,V008,9069.05,Net45,2024-11-19,2024-11-14,0,5,on_time,0.04,9
PAY-PO-RFQ-0095-V013,PO-RFQ-0095-V013,V013,142485.75,LC at sight,2024-10-07,2024-10-06,0,1,on_time,0.04,9
PAY-PO-RFQ-0095-V016,PO-RFQ-0095-V016,V016,161569.35,Net60,2024-11-29,2024-11-24,0,5,on_time,0.04,9
PAY-PO-RFQ-0096-V004,PO-RFQ-0096-V004,V004,125280.7,Net60,2024-11-29,2024-11-28,0,1,on_time,0.04,9
PAY-PO-RFQ-0096-V009,PO-RFQ-0096-V009,V009,123532.08,Net60,2024-11-29,2024-11-26,0,3,on_time,0.04,9
PAY-PO-RFQ-0096-V001,PO-RFQ-0096-V001,V001,125044.4,Net45,2024-11-17,2024-11-16,0,1,on_time,0.04,9
PAY-PO-RFQ-0096-V010,PO-RFQ-0096-V010,V010,112423.2,Net45,2024-11-17,2024-11-20,3,0,slightly_late,0.04,9
PAY-PO-RFQ-0096-V024,PO-RFQ-0096-V024,V024,125772.76,Net45,2024-11-19,2024-11-15,0,4,on_time,0.04,9
PAY-PO-RFQ-0097-V001,PO-RFQ-0097-V001,V001,35676.24,LC at sight,2024-10-04,2024-10-10,6,0,slightly_late,0.04,9
PAY-PO-RFQ-0097-V010,PO-RFQ-0097-V010,V010,36259.32,Net30,2024-11-04,2024-11-04,0,0,on_time,0.04,9
PAY-PO-RFQ-0097-V017,PO-RFQ-0097-V017,V017,31254.12,Net45,2024-11-20,2024-11-20,0,0,on_time,0.04,9
PAY-PO-RFQ-0097-V007,PO-RFQ-0097-V007,V007,36189.66,Net30,2024-11-01,2024-11-01,0,0,on_time,0.04,9
PAY-PO-RFQ-0098-V006,PO-RFQ-0098-V006,V006,45147.68,Net30,2024-10-31,2024-10-29,0,2,on_time,0.04,9
PAY-PO-RFQ-0098-V002,PO-RFQ-0098-V002,V002,48488.36,LC at sight,2024-10-07,2024-10-02,0,5,on_time,0.04,9
PAY-PO-RFQ-0098-V011,PO-RFQ-0098-V011,V011,40282.16,Net30,2024-11-06,2024-11-04,0,2,on_time,0.04,9
PAY-PO-RFQ-0098-V013,PO-RFQ-0098-V013,V013,48395.24,LC at sight,2024-09-30,2024-10-16,16,0,late,0.04,9
PAY-PO-RFQ-0098-V021,PO-RFQ-0098-V021,V021,48670.72,Net45,2024-11-17,2024-11-17,0,0,on_time,0.04,9
PAY-PO-RFQ-0099-V011,PO-RFQ-0099-V011,V011,65720.34,Net45,2024-11-15,2024-11-15,0,0,on_time,0.04,9
PAY-PO-RFQ-0099-V013,PO-RFQ-0099-V013,V013,68669.28,Net45,2024-11-21,2024-11-16,0,5,on_time,0.04,9
PAY-PO-RFQ-0099-V002,PO-RFQ-0099-V002,V002,68462.88,2/10 Net30,2024-11-01,2024-11-01,0,0,on_time,0.04,9
PAY-PO-RFQ-0099-V006,PO-RFQ-0099-V006,V006,57383.07,Net45,2024-11-19,2024-11-26,7,0,slightly_late,0.04,9
PAY-PO-RFQ-0099-V018,PO-RFQ-0099-V018,V018,75560.46,2/10 Net30,2024-10-30,2024-10-30,0,0,on_time,0.04,9
PAY-PO-RFQ-0100-V005,PO-RFQ-0100-V005,V005,49694.4,Net30,2024-10-30,2024-10-30,0,0,on_time,0.04,9
PAY-PO-RFQ-0100-V012,PO-RFQ-0100-V012,V012,57719.76,LC at sight,2024-10-01,2024-09-28,0,3,on_time,0.04,9
PAY-PO-RFQ-0100-V015,PO-RFQ-0100-V015,V015,57634.08,Net60,2024-12-06,2024-12-04,0,2,on_time,0.04,9
PAY-PO-RFQ-0100-V003,PO-RFQ-0100-V003,V003,54728.1,Net30,2024-11-05,2024-11-06,1,0,slightly_late,0.04,9
PAY-PO-RFQ-0100-V020,PO-RFQ-0100-V020,V020,53269.16,LC at sight,2024-10-07,2024-10-06,0,1,on_time,0.04,9
PAY-PO-RFQ-0101-V001,PO-RFQ-0101-V001,V001,44481.36,LC at sight,2024-10-06,2024-10-27,21,0,late,0.04,9
PAY-PO-RFQ-0101-V009,PO-RFQ-0101-V009,V009,44789.36,Net30,2024-10-30,2024-10-25,0,5,on_time,0.04,9
PAY-PO-RFQ-0101-V010,PO-RFQ-0101-V010,V010,41543.04,Net45,2024-11-16,2024-11-11,0,5,on_time,0.04,9
PAY-PO-RFQ-0101-V019,PO-RFQ-0101-V019,V019,48202.0,Net30,2024-10-30,2024-10-29,0,1,on_time,0.04,9
PAY-PO-RFQ-0101-V004,PO-RFQ-0101-V004,V004,47308.8,Net60,2024-11-30,2024-11-25,0,5,on_time,0.04,9
PAY-PO-RFQ-0102-V010,PO-RFQ-0102-V010,V010,106586.48,Net30,2024-11-05,2024-10-31,0,5,on_time,0.04,9
PAY-PO-RFQ-0102-V004,PO-RFQ-0102-V004,V004,115881.7,LC at sight,2024-10-02,2024-09-30,0,2,on_time,0.04,9
PAY-PO-RFQ-0102-V001,PO-RFQ-0102-V001,V001,114519.24,Net45,2024-11-14,2024-11-10,0,4,on_time,0.04,9
PAY-PO-RFQ-0102-V017,PO-RFQ-0102-V017,V017,111992.76,Net60,2024-12-05,2024-12-03,0,2,on_time,0.04,9
PAY-PO-RFQ-0102-V009,PO-RFQ-0102-V009,V009,112670.36,2/10 Net30,2024-11-06,2024-11-06,0,0,on_time,0.04,9
PAY-PO-RFQ-0103-V012,PO-RFQ-0103-V012,V012,11664.38,Net60,2024-12-03,2024-12-06,3,0,slightly_late,0.04,9
PAY-PO-RFQ-0103-V008,PO-RFQ-0103-V008,V008,10599.68,2/10 Net30,2024-10-31,2024-11-07,7,0,slightly_late,0.04,9
PAY-PO-RFQ-0103-V015,PO-RFQ-0103-V015,V015,11455.08,LC at sight,2024-09-30,2024-09-25,0,5,on_time,0.04,9
PAY-PO-RFQ-0103-V003,PO-RFQ-0103-V003,V003,10992.8,2/10 Net30,2024-11-02,2024-10-28,0,5,on_time,0.04,9
PAY-PO-RFQ-0103-V005,PO-RFQ-0103-V005,V005,10849.02,LC at sight,2024-10-05,2024-10-04,0,1,on_time,0.04,9
PAY-PO-RFQ-0104-V007,PO-RFQ-0104-V007,V007,8675.68,Net45,2024-12-19,2024-12-18,0,1,on_time,0.05,10
PAY-PO-RFQ-0104-V019,PO-RFQ-0104-V019,V019,8252.56,Net30,2024-11-29,2024-12-25,26,0,late,0.05,10
PAY-PO-RFQ-0104-V009,PO-RFQ-0104-V009,V009,7491.46,LC at sight,2024-11-03,2024-11-03,0,0,on_time,0.05,10
PAY-PO-RFQ-0104-V010,PO-RFQ-0104-V010,V010,7537.9,Net30,2024-11-30,2024-11-27,0,3,on_time,0.05,10
PAY-PO-RFQ-0104-V004,PO-RFQ-0104-V004,V004,8124.42,Net30,2024-12-03,2024-12-01,0,2,on_time,0.05,10
PAY-PO-RFQ-0105-V018,PO-RFQ-0105-V018,V018,114382.12,Net45,2024-12-18,2024-12-16,0,2,on_time,0.05,10
PAY-PO-RFQ-0105-V002,PO-RFQ-0105-V002,V002,106417.12,2/10 Net30,2024-12-02,2024-12-31,29,0,late,0.05,10
PAY-PO-RFQ-0105-V021,PO-RFQ-0105-V021,V021,105742.16,Net60,2025-01-05,2025-01-04,0,1,on_time,0.05,10
PAY-PO-RFQ-0105-V006,PO-RFQ-0105-V006,V006,122434.44,LC at sight,2024-10-30,2024-11-19,20,0,late,0.05,10
PAY-PO-RFQ-0106-V017,PO-RFQ-0106-V017,V017,894.6,2/10 Net30,2024-12-01,2024-12-03,2,0,slightly_late,0.05,10
PAY-PO-RFQ-0106-V001,PO-RFQ-0106-V001,V001,1005.9,Net45,2024-12-17,2024-12-21,4,0,slightly_late,0.05,10
PAY-PO-RFQ-0106-V004,PO-RFQ-0106-V004,V004,973.0,Net45,2024-12-16,2024-12-11,0,5,on_time,0.05,10
PAY-PO-RFQ-0106-V007,PO-RFQ-0106-V007,V007,1048.6,Net30,2024-12-01,2024-11-30,0,1,on_time,0.05,10
PAY-PO-RFQ-0106-V009,PO-RFQ-0106-V009,V009,977.9,2/10 Net30,2024-12-02,2024-11-27,0,5,on_time,0.05,10
PAY-PO-RFQ-0107-V001,PO-RFQ-0107-V001,V001,2474.98,Net60,2025-01-02,2024-12-28,0,5,on_time,0.05,10
PAY-PO-RFQ-0107-V010,PO-RFQ-0107-V010,V010,2217.7,2/10 Net30,2024-12-04,2024-12-04,0,0,on_time,0.05,10
PAY-PO-RFQ-0107-V024,PO-RFQ-0107-V024,V024,2501.78,Net30,2024-11-30,2024-12-02,2,0,slightly_late,0.05,10
PAY-PO-RFQ-0107-V009,PO-RFQ-0107-V009,V009,2448.18,Net30,2024-12-03,2025-01-13,41,0,disputed,0.05,10
PAY-PO-RFQ-0107-V004,PO-RFQ-0107-V004,V004,2405.3,Net45,2024-12-18,2024-12-15,0,3,on_time,0.05,10
PAY-PO-RFQ-0108-V020,PO-RFQ-0108-V020,V020,44449.44,Net30,2024-12-05,2024-12-01,0,4,on_time,0.05,10
PAY-PO-RFQ-0108-V003,PO-RFQ-0108-V003,V003,42467.04,Net30,2024-12-04,2024-12-03,0,1,on_time,0.05,10
PAY-PO-RFQ-0108-V014,PO-RFQ-0108-V014,V014,42100.8,Net45,2024-12-19,2024-12-19,0,0,on_time,0.05,10
PAY-PO-RFQ-0108-V008,PO-RFQ-0108-V008,V008,41868.96,2/10 Net30,2024-12-06,2024-12-03,0,3,on_time,0.05,10
PAY-PO-RFQ-0108-V023,PO-RFQ-0108-V023,V023,46767.84,2/10 Net30,2024-12-05,2024-12-04,0,1,on_time,0.05,10
PAY-PO-RFQ-0109-V021,PO-RFQ-0109-V021,V021,17750.21,LC at sight,2024-10-30,2024-10-28,0,2,on_time,0.05,10
PAY-PO-RFQ-0109-V013,PO-RFQ-0109-V013,V013,18118.84,Net30,2024-11-30,2024-12-10,10,0,late,0.05,10
PAY-PO-RFQ-0109-V002,PO-RFQ-0109-V002,V002,18207.62,2/10 Net30,2024-12-01,2024-12-01,0,0,on_time,0.05,10
PAY-PO-RFQ-0109-V018,PO-RFQ-0109-V018,V018,19545.11,Net30,2024-11-29,2024-12-06,7,0,slightly_late,0.05,10
PAY-PO-RFQ-0110-V021,PO-RFQ-0110-V021,V021,5950.2,Net30,2024-12-02,2024-12-02,0,0,on_time,0.05,10
PAY-PO-RFQ-0110-V013,PO-RFQ-0110-V013,V013,5585.48,Net60,2025-01-01,2024-12-28,0,4,on_time,0.05,10
PAY-PO-RFQ-0110-V016,PO-RFQ-0110-V016,V016,6125.04,2/10 Net30,2024-12-05,2024-12-02,0,3,on_time,0.05,10
PAY-PO-RFQ-0110-V018,PO-RFQ-0110-V018,V018,6288.6,Net30,2024-11-30,2024-11-29,0,1,on_time,0.05,10
PAY-PO-RFQ-0111-V005,PO-RFQ-0111-V005,V005,1413.6,Net45,2024-12-20,2024-12-15,0,5,on_time,0.05,10
PAY-PO-RFQ-0111-V012,PO-RFQ-0111-V012,V012,1562.4,Net30,2024-12-06,2024-12-18,12,0,late,0.05,10
PAY-PO-RFQ-0111-V015,PO-RFQ-0111-V015,V015,1619.44,Net45,2024-12-19,2025-01-10,22,0,late,0.05,10
PAY-PO-RFQ-0111-V003,PO-RFQ-0111-V003,V003,1505.36,Net45,2024-12-15,2024-12-10,0,5,on_time,0.05,10
PAY-PO-RFQ-0111-V014,PO-RFQ-0111-V014,V014,1541.32,Net60,2025-01-01,2024-12-29,0,3,on_time,0.05,10
PAY-PO-RFQ-0112-V005,PO-RFQ-0112-V005,V005,86981.05,Net60,2025-01-03,2025-01-01,0,2,on_time,0.05,10
PAY-PO-RFQ-0112-V023,PO-RFQ-0112-V023,V023,97656.39,2/10 Net30,2024-11-29,2024-12-05,6,0,slightly_late,0.05,10
PAY-PO-RFQ-0112-V015,PO-RFQ-0112-V015,V015,95882.93,2/10 Net30,2024-12-01,2024-11-30,0,1,on_time,0.05,10
PAY-PO-RFQ-0112-V020,PO-RFQ-0112-V020,V020,90453.87,2/10 Net30,2024-11-30,2024-11-28,0,2,on_time,0.05,10
PAY-PO-RFQ-0112-V012,PO-RFQ-0112-V012,V012,98698.73,2/10 Net30,2024-12-06,2024-12-03,0,3,on_time,0.05,10
PAY-PO-RFQ-0113-V011,PO-RFQ-0113-V011,V011,94902.72,LC at sight,2024-11-01,2024-10-29,0,3,on_time,0.05,10
PAY-PO-RFQ-0113-V002,PO-RFQ-0113-V002,V002,101992.0,LC at sight,2024-11-02,2024-11-02,0,0,on_time,0.05,10
PAY-PO-RFQ-0113-V016,PO-RFQ-0113-V016,V016,91525.28,Net60,2025-01-02,2024-12-30,0,3,on_time,0.05,10
PAY-PO-RFQ-0113-V006,PO-RFQ-0113-V006,V006,93188.92,Net30,2024-11-29,2024-11-29,0,0,on_time,0.05,10
PAY-PO-RFQ-0114-V002,PO-RFQ-0114-V002,V002,81443.52,Net60,2025-01-01,2025-01-04,3,0,slightly_late,0.05,10
PAY-PO-RFQ-0114-V013,PO-RFQ-0114-V013,V013,79773.12,LC at sight,2024-10-30,2024-10-25,0,5,on_time,0.05,10
PAY-PO-RFQ-0114-V006,PO-RFQ-0114-V006,V006,87644.16,Net45,2024-12-21,2024-12-28,7,0,slightly_late,0.05,10
PAY-PO-RFQ-0114-V011,PO-RFQ-0114-V011,V011,74629.44,Net60,2025-01-03,2024-12-31,0,3,on_time,0.05,10
PAY-PO-RFQ-0114-V021,PO-RFQ-0114-V021,V021,79312.32,2/10 Net30,2024-12-02,2024-12-05,3,0,slightly_late,0.05,10
PAY-PO-RFQ-0115-V015,PO-RFQ-0115-V015,V015,97154.33,2/10 Net30,2024-12-01,2024-11-27,0,4,on_time,0.05,10
PAY-PO-RFQ-0115-V003,PO-RFQ-0115-V003,V003,93213.98,Net45,2024-12-14,2024-12-21,7,0,slightly_late,0.05,10
PAY-PO-RFQ-0115-V012,PO-RFQ-0115-V012,V012,98600.33,Net60,2025-01-01,2025-01-08,7,0,slightly_late,0.05,10
PAY-PO-RFQ-0115-V005,PO-RFQ-0115-V005,V005,93293.51,Net30,2024-11-30,2024-12-24,24,0,late,0.05,10
PAY-PO-RFQ-0115-V008,PO-RFQ-0115-V008,V008,96052.96,Net60,2024-12-30,2024-12-25,0,5,on_time,0.05,10
PAY-PO-RFQ-0116-V009,PO-RFQ-0116-V009,V009,39280.08,Net30,2025-01-05,2025-01-05,0,0,on_time,-0.015,11
PAY-PO-RFQ-0116-V007,PO-RFQ-0116-V007,V007,40310.66,LC at sight,2024-11-29,2024-11-27,0,2,on_time,-0.015,11
PAY-PO-RFQ-0116-V004,PO-RFQ-0116-V004,V004,38117.84,LC at sight,2024-12-04,2024-12-01,0,3,on_time,-0.015,11
PAY-PO-RFQ-0116-V022,PO-RFQ-0116-V022,V022,36013.55,Net60,2025-01-29,2025-01-29,0,0,on_time,-0.015,11
PAY-PO-RFQ-0116-V019,PO-RFQ-0116-V019,V019,39627.39,LC at sight,2024-12-03,2024-11-29,0,4,on_time,-0.015,11
PAY-PO-RFQ-0117-V016,PO-RFQ-0117-V016,V016,125980.2,Net30,2024-12-31,2025-01-12,12,0,late,-0.015,11
PAY-PO-RFQ-0117-V018,PO-RFQ-0117-V018,V018,162867.6,Net60,2025-02-04,2025-01-30,0,5,on_time,-0.015,11
PAY-PO-RFQ-0117-V013,PO-RFQ-0117-V013,V013,147823.2,2/10 Net30,2024-12-31,2024-12-29,0,2,on_time,-0.015,11
PAY-PO-RFQ-0117-V002,PO-RFQ-0117-V002,V002,143917.2,LC at sight,2024-12-05,2024-12-04,0,1,on_time,-0.015,11
PAY-PO-RFQ-0117-V011,PO-RFQ-0117-V011,V011,144999.0,Net60,2025-02-03,2025-02-07,4,0,slightly_late,-0.015,11
PAY-PO-RFQ-0118-V006,PO-RFQ-0118-V006,V006,65395.35,Net30,2025-01-05,2024-12-31,0,5,on_time,-0.015,11
PAY-PO-RFQ-0118-V013,PO-RFQ-0118-V013,V013,72936.87,Net45,2025-01-17,2025-01-16,0,1,on_time,-0.015,11
PAY-PO-RFQ-0118-V021,PO-RFQ-0118-V021,V021,68764.11,LC at sight,2024-12-04,2024-12-02,0,2,on_time,-0.015,11
PAY-PO-RFQ-0118-V016,PO-RFQ-0118-V016,V016,66575.22,LC at sight,2024-12-05,2024-12-12,7,0,slightly_late,-0.015,11
PAY-PO-RFQ-0118-V018,PO-RFQ-0118-V018,V018,79183.95,Net45,2025-01-16,2025-01-18,2,0,slightly_late,-0.015,11
PAY-PO-RFQ-0119-V002,PO-RFQ-0119-V002,V002,201912.01,LC at sight,2024-12-04,2024-11-29,0,5,on_time,-0.015,11
PAY-PO-RFQ-0119-V013,PO-RFQ-0119-V013,V013,186440.4,Net60,2025-01-29,2025-01-31,2,0,slightly_late,-0.015,11
PAY-PO-RFQ-0119-V018,PO-RFQ-0119-V018,V018,209963.36,LC at sight,2024-11-29,2024-11-27,0,2,on_time,-0.015,11
PAY-PO-RFQ-0120-V024,PO-RFQ-0120-V024,V024,33191.76,LC at sight,2024-12-03,2024-12-01,0,2,on_time,-0.015,11
PAY-PO-RFQ-0120-V007,PO-RFQ-0120-V007,V007,36083.32,Net45,2025-01-16,2025-01-12,0,4,on_time,-0.015,11
PAY-PO-RFQ-0120-V017,PO-RFQ-0120-V017,V017,30061.92,Net30,2025-01-01,2024-12-30,0,2,on_time,-0.015,11
PAY-PO-RFQ-0120-V001,PO-RFQ-0120-V001,V001,33818.05,Net45,2025-01-15,2025-01-13,0,2,on_time,-0.015,11
PAY-PO-RFQ-0120-V010,PO-RFQ-0120-V010,V010,30066.75,Net45,2025-01-17,2025-01-22,5,0,slightly_late,-0.015,11
PAY-PO-RFQ-0121-V006,PO-RFQ-0121-V006,V006,142992.15,2/10 Net30,2025-01-04,2024-12-31,0,4,on_time,-0.015,11
PAY-PO-RFQ-0121-V021,PO-RFQ-0121-V021,V021,154032.15,2/10 Net30,2024-12-29,2024-12-26,0,3,on_time,-0.015,11
PAY-PO-RFQ-0121-V011,PO-RFQ-0121-V011,V011,131541.6,LC at sight,2024-11-29,2024-11-28,0,1,on_time,-0.015,11
PAY-PO-RFQ-0121-V016,PO-RFQ-0121-V016,V016,169836.6,Net45,2025-01-20,2025-01-25,5,0,slightly_late,-0.015,11
PAY-PO-RFQ-0121-V018,PO-RFQ-0121-V018,V018,165637.95,Net30,2025-01-04,2024-12-31,0,4,on_time,-0.015,11
PAY-PO-RFQ-0122-V002,PO-RFQ-0122-V002,V002,118916.9,2/10 Net30,2025-01-05,2025-01-05,0,0,on_time,-0.015,11
PAY-PO-RFQ-0122-V013,PO-RFQ-0122-V013,V013,124602.74,2/10 Net30,2024-12-29,2024-12-29,0,0,on_time,-0.015,11
PAY-PO-RFQ-0122-V006,PO-RFQ-0122-V006,V006,128868.61,Net45,2025-01-15,2025-01-11,0,4,on_time,-0.015,11
PAY-PO-RFQ-0122-V016,PO-RFQ-0122-V016,V016,105797.45,LC at sight,2024-12-03,2024-12-02,0,1,on_time,-0.015,11
PAY-PO-RFQ-0122-V021,PO-RFQ-0122-V021,V021,116015.87,LC at sight,2024-12-02,2024-11-30,0,2,on_time,-0.015,11
PAY-PO-RFQ-0123-V013,PO-RFQ-0123-V013,V013,74382.78,Net60,2025-01-31,2025-01-29,0,2,on_time,-0.015,11
PAY-PO-RFQ-0123-V002,PO-RFQ-0123-V002,V002,74933.52,Net45,2025-01-18,2025-01-16,0,2,on_time,-0.015,11
PAY-PO-RFQ-0123-V016,PO-RFQ-0123-V016,V016,68234.22,LC at sight,2024-12-01,2024-11-28,0,3,on_time,-0.015,11
PAY-PO-RFQ-0123-V006,PO-RFQ-0123-V006,V006,83441.22,Net60,2025-01-28,2025-02-01,4,0,slightly_late,-0.015,11
PAY-PO-RFQ-0123-V011,PO-RFQ-0123-V011,V011,78957.21,Net60,2025-01-28,2025-01-23,0,5,on_time,-0.015,11
PAY-PO-RFQ-0124-V005,PO-RFQ-0124-V005,V005,9107.54,Net30,2025-01-04,2025-01-03,0,1,on_time,-0.015,11
PAY-PO-RFQ-0124-V014,PO-RFQ-0124-V014,V014,10204.87,LC at sight,2024-12-01,2024-11-30,0,1,on_time,-0.015,11
PAY-PO-RFQ-0124-V012,PO-RFQ-0124-V012,V012,10808.85,Net60,2025-02-03,2025-02-10,7,0,slightly_late,-0.015,11
PAY-PO-RFQ-0124-V015,PO-RFQ-0124-V015,V015,10491.91,LC at sight,2024-11-29,2024-11-28,0,1,on_time,-0.015,11
PAY-PO-RFQ-0124-V008,PO-RFQ-0124-V008,V008,10174.97,2/10 Net30,2024-12-31,2024-12-26,0,5,on_time,-0.015,11
PAY-PO-RFQ-0125-V011,PO-RFQ-0125-V011,V011,79119.04,LC at sight,2024-12-04,2024-12-03,0,1,on_time,-0.015,11
PAY-PO-RFQ-0125-V021,PO-RFQ-0125-V021,V021,80840.63,2/10 Net30,2024-12-31,2024-12-27,0,4,on_time,-0.015,11
PAY-PO-RFQ-0125-V006,PO-RFQ-0125-V006,V006,70708.69,Net30,2025-01-02,2025-01-07,5,0,slightly_late,-0.015,11
PAY-PO-RFQ-0125-V002,PO-RFQ-0125-V002,V002,82199.13,LC at sight,2024-12-05,2024-12-01,0,4,on_time,-0.015,11
PAY-PO-RFQ-0126-V013,PO-RFQ-0126-V013,V013,46896.66,Net60,2025-02-03,2025-01-29,0,5,on_time,-0.015,11
PAY-PO-RFQ-0126-V011,PO-RFQ-0126-V011,V011,35951.04,Net30,2025-01-04,2024-12-30,0,5,on_time,-0.015,11
PAY-PO-RFQ-0126-V016,PO-RFQ-0126-V016,V016,41658.18,Net30,2025-01-01,2024-12-27,0,5,on_time,-0.015,11
PAY-PO-RFQ-0126-V002,PO-RFQ-0126-V002,V002,47229.54,2/10 Net30,2025-01-05,2025-01-05,0,0,on_time,-0.015,11
PAY-PO-RFQ-0126-V021,PO-RFQ-0126-V021,V021,45486.3,Net45,2025-01-14,2025-01-12,0,2,on_time,-0.015,11
PAY-PO-RFQ-0127-V013,PO-RFQ-0127-V013,V013,111446.28,LC at sight,2024-12-02,2024-12-01,0,1,on_time,-0.015,11
PAY-PO-RFQ-0127-V002,PO-RFQ-0127-V002,V002,110587.95,LC at sight,2024-12-04,2024-11-29,0,5,on_time,-0.015,11
PAY-PO-RFQ-0127-V011,PO-RFQ-0127-V011,V011,100326.6,Net30,2025-01-03,2025-01-06,3,0,slightly_late,-0.015,11
PAY-PO-RFQ-0127-V006,PO-RFQ-0127-V006,V006,107015.04,Net45,2025-01-17,2025-01-17,0,0,on_time,-0.015,11
PAY-PO-RFQ-0127-V016,PO-RFQ-0127-V016,V016,123896.52,2/10 Net30,2025-01-02,2024-12-28,0,5,on_time,-0.015,11
PAY-PO-RFQ-0128-V018,PO-RFQ-0128-V018,V018,14733.57,Net45,2025-01-15,2025-01-21,6,0,slightly_late,-0.015,11
PAY-PO-RFQ-0128-V002,PO-RFQ-0128-V002,V002,13628.43,LC at sight,2024-12-03,2024-12-04,1,0,slightly_late,-0.015,11
PAY-PO-RFQ-0128-V013,PO-RFQ-0128-V013,V013,13465.43,Net30,2025-01-02,2024-12-28,0,5,on_time,-0.015,11
PAY-PO-RFQ-0128-V021,PO-RFQ-0128-V021,V021,13701.78,Net45,2025-01-13,2025-01-12,0,1,on_time,-0.015,11
PAY-PO-RFQ-0128-V006,PO-RFQ-0128-V006,V006,11714.81,Net45,2025-01-20,2025-01-18,0,2,on_time,-0.015,11
PAY-PO-RFQ-0129-V004,PO-RFQ-0129-V004,V004,93768.96,Net30,2025-01-28,2025-01-28,0,0,on_time,-0.018,12
PAY-PO-RFQ-0129-V009,PO-RFQ-0129-V009,V009,93995.52,LC at sight,2025-01-04,2025-01-08,4,0,slightly_late,-0.018,12
PAY-PO-RFQ-0129-V001,PO-RFQ-0129-V001,V001,94579.2,2/10 Net30,2025-02-03,2025-02-02,0,1,on_time,-0.018,12
PAY-PO-RFQ-0129-V007,PO-RFQ-0129-V007,V007,101552.64,Net30,2025-01-29,2025-01-27,0,2,on_time,-0.018,12
PAY-PO-RFQ-0129-V010,PO-RFQ-0129-V010,V010,89072.64,2/10 Net30,2025-01-29,2025-01-29,0,0,on_time,-0.018,12
PAY-PO-RFQ-0130-V001,PO-RFQ-0130-V001,V001,51231.05,Net30,2025-01-31,2025-01-27,0,4,on_time,-0.018,12
PAY-PO-RFQ-0130-V004,PO-RFQ-0130-V004,V004,50278.8,Net45,2025-02-13,2025-02-13,0,0,on_time,-0.018,12
PAY-PO-RFQ-0130-V010,PO-RFQ-0130-V010,V010,47351.73,Net30,2025-02-02,2025-02-04,2,0,slightly_late,-0.018,12
PAY-PO-RFQ-0130-V017,PO-RFQ-0130-V017,V017,47820.53,Net30,2025-01-28,2025-01-23,0,5,on_time,-0.018,12
PAY-PO-RFQ-0130-V019,PO-RFQ-0130-V019,V019,55898.54,LC at sight,2025-01-04,2025-01-04,0,0,on_time,-0.018,12
PAY-PO-RFQ-0131-V002,PO-RFQ-0131-V002,V002,72125.9,LC at sight,2024-12-29,2024-12-24,0,5,on_time,-0.018,12
PAY-PO-RFQ-0131-V016,PO-RFQ-0131-V016,V016,61222.56,Net30,2025-02-01,2025-01-28,0,4,on_time,-0.018,12
PAY-PO-RFQ-0131-V006,PO-RFQ-0131-V006,V006,54628.42,LC at sight,2025-01-02,2024-12-29,0,4,on_time,-0.018,12
PAY-PO-RFQ-0131-V021,PO-RFQ-0131-V021,V021,72479.68,Net60,2025-02-28,2025-02-26,0,2,on_time,-0.018,12
PAY-PO-RFQ-0131-V011,PO-RFQ-0131-V011,V011,71540.7,2/10 Net30,2025-01-28,2025-02-18,21,0,late,-0.018,12
PAY-PO-RFQ-0132-V011,PO-RFQ-0132-V011,V011,156616.32,Net45,2025-02-18,2025-02-13,0,5,on_time,-0.018,12
PAY-PO-RFQ-0132-V002,PO-RFQ-0132-V002,V002,163576.0,LC at sight,2025-01-01,2024-12-29,0,3,on_time,-0.018,12
PAY-PO-RFQ-0132-V016,PO-RFQ-0132-V016,V016,127261.12,2/10 Net30,2025-02-04,2025-02-03,0,1,on_time,-0.018,12
PAY-PO-RFQ-0132-V013,PO-RFQ-0132-V013,V013,174139.84,Net30,2025-01-30,2025-01-29,0,1,on_time,-0.018,12
PAY-PO-RFQ-0132-V021,PO-RFQ-0132-V021,V021,169010.24,Net45,2025-02-17,2025-02-24,7,0,slightly_late,-0.018,12
PAY-PO-RFQ-0133-V021,PO-RFQ-0133-V021,V021,166229.91,Net60,2025-03-03,2025-02-26,0,5,on_time,-0.018,12
PAY-PO-RFQ-0133-V011,PO-RFQ-0133-V011,V011,156208.92,2/10 Net30,2025-01-28,2025-01-25,0,3,on_time,-0.018,12
PAY-PO-RFQ-0133-V013,PO-RFQ-0133-V013,V013,165105.36,2/10 Net30,2025-02-04,2025-01-31,0,4,on_time,-0.018,12
PAY-PO-RFQ-0133-V002,PO-RFQ-0133-V002,V002,171392.13,2/10 Net30,2025-02-01,2025-02-02,1,0,slightly_late,-0.018,12
PAY-PO-RFQ-0133-V016,PO-RFQ-0133-V016,V016,134503.32,Net30,2025-01-30,2025-01-27,0,3,on_time,-0.018,12
PAY-PO-RFQ-0134-V019,PO-RFQ-0134-V019,V019,51834.0,Net45,2025-02-19,2025-02-14,0,5,on_time,-0.018,12
PAY-PO-RFQ-0134-V004,PO-RFQ-0134-V004,V004,49449.6,2/10 Net30,2025-02-03,2025-02-01,0,2,on_time,-0.018,12
PAY-PO-RFQ-0134-V010,PO-RFQ-0134-V010,V010,44952.0,LC at sight,2024-12-31,2024-12-30,0,1,on_time,-0.018,12
PAY-PO-RFQ-0134-V017,PO-RFQ-0134-V017,V017,49284.0,Net60,2025-03-01,2025-02-26,0,3,on_time,-0.018,12
PAY-PO-RFQ-0134-V007,PO-RFQ-0134-V007,V007,50899.2,LC at sight,2024-12-29,2024-12-31,2,0,slightly_late,-0.018,12
PAY-PO-RFQ-0135-V011,PO-RFQ-0135-V011,V011,139668.93,2/10 Net30,2025-01-29,2025-01-29,0,0,on_time,-0.018,12
PAY-PO-RFQ-0135-V006,PO-RFQ-0135-V006,V006,137348.64,2/10 Net30,2025-02-04,2025-02-10,6,0,slightly_late,-0.018,12
PAY-PO-RFQ-0135-V021,PO-RFQ-0135-V021,V021,142816.59,Net45,2025-02-12,2025-02-15,3,0,slightly_late,-0.018,12
PAY-PO-RFQ-0135-V002,PO-RFQ-0135-V002,V002,147953.07,Net60,2025-02-28,2025-03-01,1,0,slightly_late,-0.018,12
PAY-PO-RFQ-0136-V012,PO-RFQ-0136-V012,V012,82353.0,2/10 Net30,2025-01-28,2025-01-25,0,3,on_time,-0.018,12
PAY-PO-RFQ-0136-V015,PO-RFQ-0136-V015,V015,81710.59,Net30,2025-02-01,2025-01-27,0,5,on_time,-0.018,12
PAY-PO-RFQ-0136-V014,PO-RFQ-0136-V014,V014,76851.48,Net45,2025-02-15,2025-02-12,0,3,on_time,-0.018,12
PAY-PO-RFQ-0136-V003,PO-RFQ-0136-V003,V003,80635.19,2/10 Net30,2025-01-31,2025-01-26,0,5,on_time,-0.018,12
PAY-PO-RFQ-0136-V023,PO-RFQ-0136-V023,V023,94340.88,Net30,2025-01-31,2025-01-29,0,2,on_time,-0.018,12
PAY-PO-RFQ-0137-V013,PO-RFQ-0137-V013,V013,146179.6,Net60,2025-03-01,2025-02-26,0,3,on_time,-0.018,12
PAY-PO-RFQ-0137-V006,PO-RFQ-0137-V006,V006,147774.3,Net45,2025-02-17,2025-02-18,1,0,slightly_late,-0.018,12
PAY-PO-RFQ-0137-V002,PO-RFQ-0137-V002,V002,149735.3,Net60,2025-03-02,2025-02-28,0,2,on_time,-0.018,12
PAY-PO-RFQ-0137-V016,PO-RFQ-0137-V016,V016,133995.5,Net30,2025-02-03,2025-01-30,0,4,on_time,-0.018,12
PAY-PO-RFQ-0137-V011,PO-RFQ-0137-V011,V011,127120.9,LC at sight,2025-01-05,2024-12-31,0,5,on_time,-0.018,12
PAY-PO-RFQ-0138-V012,PO-RFQ-0138-V012,V012,43904.88,2/10 Net30,2025-01-29,2025-01-26,0,3,on_time,-0.018,12
PAY-PO-RFQ-0138-V005,PO-RFQ-0138-V005,V005,44776.31,Net45,2025-02-12,2025-02-10,0,2,on_time,-0.018,12
PAY-PO-RFQ-0138-V008,PO-RFQ-0138-V008,V008,42210.55,Net30,2025-01-30,2025-01-29,0,1,on_time,-0.018,12
PAY-PO-RFQ-0138-V003,PO-RFQ-0138-V003,V003,42786.58,LC at sight,2024-12-30,2024-12-26,0,4,on_time,-0.018,12
PAY-PO-RFQ-0138-V015,PO-RFQ-0138-V015,V015,43263.44,Net30,2025-01-30,2025-02-01,2,0,slightly_late,-0.018,12
PAY-PO-RFQ-0139-V013,PO-RFQ-0139-V013,V013,6895.84,Net30,2025-02-03,2025-02-02,0,1,on_time,-0.018,12
PAY-PO-RFQ-0139-V002,PO-RFQ-0139-V002,V002,6860.47,2/10 Net30,2025-01-31,2025-01-30,0,1,on_time,-0.018,12
PAY-PO-RFQ-0139-V011,PO-RFQ-0139-V011,V011,7211.55,LC at sight,2025-01-01,2024-12-27,0,5,on_time,-0.018,12
PAY-PO-RFQ-0139-V021,PO-RFQ-0139-V021,V021,7017.67,Net45,2025-02-17,2025-02-16,0,1,on_time,-0.018,12
PAY-PO-RFQ-0140-V006,PO-RFQ-0140-V006,V006,23118.27,2/10 Net30,2025-02-04,2025-01-31,0,4,on_time,-0.018,12
PAY-PO-RFQ-0140-V002,PO-RFQ-0140-V002,V002,24316.39,2/10 Net30,2025-02-02,2025-01-29,0,4,on_time,-0.018,12
PAY-PO-RFQ-0140-V013,PO-RFQ-0140-V013,V013,24639.26,Net45,2025-02-13,2025-02-09,0,4,on_time,-0.018,12
PAY-PO-RFQ-0140-V021,PO-RFQ-0140-V021,V021,24238.59,2/10 Net30,2025-01-31,2025-01-28,0,3,on_time,-0.018,12
PAY-PO-RFQ-0140-V011,PO-RFQ-0140-V011,V011,26588.15,LC at sight,2024-12-30,2024-12-28,0,2,on_time,-0.018,12
PAY-PO-RFQ-0141-V016,PO-RFQ-0141-V016,V016,1507.5,Net60,2025-03-03,2025-03-02,0,1,on_time,-0.018,12
PAY-PO-RFQ-0141-V002,PO-RFQ-0141-V002,V002,1521.0,LC at sight,2025-01-02,2024-12-30,0,3,on_time,-0.018,12
PAY-PO-RFQ-0141-V013,PO-RFQ-0141-V013,V013,1561.5,Net45,2025-02-12,2025-02-07,0,5,on_time,-0.018,12
PAY-PO-RFQ-0141-V021,PO-RFQ-0141-V021,V021,1573.5,Net30,2025-02-02,2025-02-01,0,1,on_time,-0.018,12
PAY-PO-RFQ-0141-V011,PO-RFQ-0141-V011,V011,1527.0,2/10 Net30,2025-01-30,2025-01-26,0,4,on_time,-0.018,12
PAY-PO-RFQ-0142-V010,PO-RFQ-0142-V010,V010,19775.8,LC at sight,2025-01-02,2024-12-30,0,3,on_time,-0.018,12
PAY-PO-RFQ-0142-V024,PO-RFQ-0142-V024,V024,22215.6,Net30,2025-01-28,2025-01-29,1,0,slightly_late,-0.018,12
PAY-PO-RFQ-0142-V019,PO-RFQ-0142-V019,V019,23667.6,Net60,2025-03-05,2025-03-03,0,2,on_time,-0.018,12
PAY-PO-RFQ-0142-V009,PO-RFQ-0142-V009,V009,22334.4,Net30,2025-02-01,2025-01-27,0,5,on_time,-0.018,12
PAY-PO-RFQ-0142-V001,PO-RFQ-0142-V001,V001,22616.0,2/10 Net30,2025-01-31,2025-01-30,0,1,on_time,-0.018,12
PAY-PO-RFQ-0143-V006,PO-RFQ-0143-V006,V006,161896.7,Net60,2025-04-01,2025-03-30,0,2,on_time,-0.01,13
PAY-PO-RFQ-0143-V016,PO-RFQ-0143-V016,V016,187771.8,2/10 Net30,2025-02-28,2025-02-28,0,0,on_time,-0.01,13
PAY-PO-RFQ-0143-V013,PO-RFQ-0143-V013,V013,187853.8,LC at sight,2025-02-04,2025-02-01,0,3,on_time,-0.01,13
PAY-PO-RFQ-0143-V021,PO-RFQ-0143-V021,V021,176869.9,Net45,2025-03-15,2025-03-15,0,0,on_time,-0.01,13
PAY-PO-RFQ-0144-V021,PO-RFQ-0144-V021,V021,44755.87,2/10 Net30,2025-03-06,2025-03-06,0,0,on_time,-0.01,13
PAY-PO-RFQ-0144-V013,PO-RFQ-0144-V013,V013,44846.64,Net45,2025-03-16,2025-03-15,0,1,on_time,-0.01,13
PAY-PO-RFQ-0144-V011,PO-RFQ-0144-V011,V011,45165.9,Net30,2025-02-28,2025-02-23,0,5,on_time,-0.01,13
PAY-PO-RFQ-0145-V010,PO-RFQ-0145-V010,V010,21416.0,Net30,2025-03-01,2025-02-27,0,2,on_time,-0.01,13
PAY-PO-RFQ-0145-V001,PO-RFQ-0145-V001,V001,22550.0,LC at sight,2025-02-04,2025-02-01,0,3,on_time,-0.01,13
PAY-PO-RFQ-0145-V004,PO-RFQ-0145-V004,V004,21806.0,Net30,2025-03-01,2025-02-24,0,5,on_time,-0.01,13
PAY-PO-RFQ-0145-V009,PO-RFQ-0145-V009,V009,22126.0,Net60,2025-04-01,2025-03-29,0,3,on_time,-0.01,13
PAY-PO-RFQ-0145-V007,PO-RFQ-0145-V007,V007,23864.0,Net45,2025-03-20,2025-03-17,0,3,on_time,-0.01,13
PAY-PO-RFQ-0146-V006,PO-RFQ-0146-V006,V006,135431.97,2/10 Net30,2025-03-04,2025-03-04,0,0,on_time,-0.01,13
PAY-PO-RFQ-0146-V013,PO-RFQ-0146-V013,V013,146468.35,Net45,2025-03-21,2025-03-21,0,0,on_time,-0.01,13
PAY-PO-RFQ-0146-V002,PO-RFQ-0146-V002,V002,141128.57,Net45,2025-03-20,2025-03-23,3,0,slightly_late,-0.01,13
PAY-PO-RFQ-0146-V021,PO-RFQ-0146-V021,V021,141829.69,Net30,2025-03-02,2025-03-06,4,0,slightly_late,-0.01,13
PAY-PO-RFQ-0146-V011,PO-RFQ-0146-V011,V011,138990.78,LC at sight,2025-01-30,2025-01-30,0,0,on_time,-0.01,13
PAY-PO-RFQ-0147-V006,PO-RFQ-0147-V006,V006,25163.5,2/10 Net30,2025-03-04,2025-03-02,0,2,on_time,-0.01,13
PAY-PO-RFQ-0147-V013,PO-RFQ-0147-V013,V013,31544.5,Net60,2025-03-29,2025-03-25,0,4,on_time,-0.01,13
PAY-PO-RFQ-0147-V002,PO-RFQ-0147-V002,V002,29832.5,LC at sight,2025-01-31,2025-01-26,0,5,on_time,-0.01,13
PAY-PO-RFQ-0147-V016,PO-RFQ-0147-V016,V016,30490.0,Net30,2025-03-06,2025-03-07,1,0,slightly_late,-0.01,13
PAY-PO-RFQ-0147-V011,PO-RFQ-0147-V011,V011,26573.5,LC at sight,2025-02-04,2025-02-02,0,2,on_time,-0.01,13
PAY-PO-RFQ-0148-V013,PO-RFQ-0148-V013,V013,123570.78,2/10 Net30,2025-03-05,2025-03-02,0,3,on_time,-0.01,13
PAY-PO-RFQ-0148-V002,PO-RFQ-0148-V002,V002,124816.86,2/10 Net30,2025-02-28,2025-02-24,0,4,on_time,-0.01,13
PAY-PO-RFQ-0148-V016,PO-RFQ-0148-V016,V016,107984.16,Net30,2025-03-06,2025-03-13,7,0,slightly_late,-0.01,13
PAY-PO-RFQ-0148-V006,PO-RFQ-0148-V006,V006,133787.22,2/10 Net30,2025-03-05,2025-03-02,0,3,on_time,-0.01,13
PAY-PO-RFQ-0148-V011,PO-RFQ-0148-V011,V011,126411.63,2/10 Net30,2025-03-02,2025-02-27,0,3,on_time,-0.01,13
PAY-PO-RFQ-0149-V013,PO-RFQ-0149-V013,V013,8055.0,Net30,2025-03-01,2025-02-26,0,3,on_time,-0.01,13
PAY-PO-RFQ-0149-V016,PO-RFQ-0149-V016,V016,8206.25,Net30,2025-03-04,2025-03-19,15,0,late,-0.01,13
PAY-PO-RFQ-0149-V021,PO-RFQ-0149-V021,V021,8362.5,LC at sight,2025-02-03,2025-02-03,0,0,on_time,-0.01,13
PAY-PO-RFQ-0150-V013,PO-RFQ-0150-V013,V013,63116.04,Net30,2025-03-01,2025-02-25,0,4,on_time,-0.01,13
PAY-PO-RFQ-0150-V002,PO-RFQ-0150-V002,V002,61939.8,Net45,2025-03-16,2025-03-15,0,1,on_time,-0.01,13
PAY-PO-RFQ-0150-V021,PO-RFQ-0150-V021,V021,62350.08,Net60,2025-04-01,2025-03-28,0,4,on_time,-0.01,13
PAY-PO-RFQ-0150-V018,PO-RFQ-0150-V018,V018,67724.28,Net45,2025-03-19,2025-03-17,0,2,on_time,-0.01,13
PAY-PO-RFQ-0151-V002,PO-RFQ-0151-V002,V002,50390.7,2/10 Net30,2025-02-28,2025-02-28,0,0,on_time,-0.01,13
PAY-PO-RFQ-0151-V013,PO-RFQ-0151-V013,V013,51675.48,Net30,2025-03-04,2025-02-28,0,4,on_time,-0.01,13
PAY-PO-RFQ-0151-V018,PO-RFQ-0151-V018,V018,56297.1,LC at sight,2025-02-02,2025-02-01,0,1,on_time,-0.01,13
PAY-PO-RFQ-0151-V021,PO-RFQ-0151-V021,V021,51403.62,Net30,2025-03-06,2025-03-06,0,0,on_time,-0.01,13
PAY-PO-RFQ-0152-V007,PO-RFQ-0152-V007,V007,8730.44,2/10 Net30,2025-03-03,2025-03-09,6,0,slightly_late,-0.01,13
PAY-PO-RFQ-0152-V010,PO-RFQ-0152-V010,V010,7559.85,Net30,2025-03-01,2025-03-07,6,0,slightly_late,-0.01,13
PAY-PO-RFQ-0152-V019,PO-RFQ-0152-V019,V019,9150.6,Net30,2025-03-01,2025-02-27,0,2,on_time,-0.01,13
PAY-PO-RFQ-0152-V009,PO-RFQ-0152-V009,V009,8173.93,Net60,2025-03-31,2025-03-26,0,5,on_time,-0.01,13
PAY-PO-RFQ-0152-V001,PO-RFQ-0152-V001,V001,8417.34,2/10 Net30,2025-03-05,2025-03-02,0,3,on_time,-0.01,13
PAY-PO-RFQ-0153-V016,PO-RFQ-0153-V016,V016,131865.87,LC at sight,2025-02-27,2025-02-27,0,0,on_time,-0.005,14
PAY-PO-RFQ-0153-V021,PO-RFQ-0153-V021,V021,148438.79,Net45,2025-04-17,2025-04-15,0,2,on_time,-0.005,14
PAY-PO-RFQ-0153-V002,PO-RFQ-0153-V002,V002,146521.82,LC at sight,2025-03-05,2025-03-03,0,2,on_time,-0.005,14
PAY-PO-RFQ-0154-V002,PO-RFQ-0154-V002,V002,3592.55,LC at sight,2025-03-03,2025-02-27,0,4,on_time,-0.005,14
PAY-PO-RFQ-0154-V006,PO-RFQ-0154-V006,V006,3247.4,Net45,2025-04-13,2025-04-19,6,0,slightly_late,-0.005,14
PAY-PO-RFQ-0154-V013,PO-RFQ-0154-V013,V013,3459.95,Net30,2025-03-31,2025-03-31,0,0,on_time,-0.005,14
PAY-PO-RFQ-0154-V016,PO-RFQ-0154-V016,V016,3708.9,Net30,2025-04-03,2025-03-30,0,4,on_time,-0.005,14
PAY-PO-RFQ-0155-V013,PO-RFQ-0155-V013,V013,43009.82,LC at sight,2025-03-02,2025-02-26,0,4,on_time,-0.005,14
PAY-PO-RFQ-0155-V011,PO-RFQ-0155-V011,V011,46482.52,LC at sight,2025-03-05,2025-03-03,0,2,on_time,-0.005,14
PAY-PO-RFQ-0155-V021,PO-RFQ-0155-V021,V021,44881.06,LC at sight,2025-03-03,2025-02-26,0,5,on_time,-0.005,14
PAY-PO-RFQ-0155-V016,PO-RFQ-0155-V016,V016,43018.43,Net45,2025-04-17,2025-04-16,0,1,on_time,-0.005,14
PAY-PO-RFQ-0156-V007,PO-RFQ-0156-V007,V007,221919.64,LC at sight,2025-03-03,2025-03-10,7,0,slightly_late,-0.005,14
PAY-PO-RFQ-0156-V024,PO-RFQ-0156-V024,V024,212750.56,LC at sight,2025-03-04,2025-03-02,0,2,on_time,-0.005,14
PAY-PO-RFQ-0156-V001,PO-RFQ-0156-V001,V001,205465.0,Net30,2025-03-30,2025-03-29,0,1,on_time,-0.005,14
PAY-PO-RFQ-0156-V004,PO-RFQ-0156-V004,V004,208608.56,Net60,2025-05-02,2025-05-01,0,1,on_time,-0.005,14
PAY-PO-RFQ-0156-V017,PO-RFQ-0156-V017,V017,179993.88,LC at sight,2025-03-06,2025-03-01,0,5,on_time,-0.005,14
PAY-PO-RFQ-0157-V002,PO-RFQ-0157-V002,V002,18669.52,Net30,2025-04-05,2025-03-31,0,5,on_time,-0.005,14
PAY-PO-RFQ-0157-V021,PO-RFQ-0157-V021,V021,18574.69,Net30,2025-04-05,2025-05-05,30,0,late,-0.005,14
PAY-PO-RFQ-0157-V011,PO-RFQ-0157-V011,V011,17096.65,Net45,2025-04-18,2025-04-18,0,0,on_time,-0.005,14
PAY-PO-RFQ-0157-V013,PO-RFQ-0157-V013,V013,18587.77,LC at sight,2025-03-02,2025-03-01,0,1,on_time,-0.005,14
PAY-PO-RFQ-0157-V006,PO-RFQ-0157-V006,V006,20179.17,2/10 Net30,2025-04-04,2025-04-11,7,0,slightly_late,-0.005,14
PAY-PO-RFQ-0158-V001,PO-RFQ-0158-V001,V001,73296.04,2/10 Net30,2025-04-04,2025-04-01,0,3,on_time,-0.005,14
PAY-PO-RFQ-0158-V007,PO-RFQ-0158-V007,V007,77092.35,LC at sight,2025-03-02,2025-03-03,1,0,slightly_late,-0.005,14
PAY-PO-RFQ-0158-V019,PO-RFQ-0158-V019,V019,78750.25,Net30,2025-03-31,2025-03-31,0,0,on_time,-0.005,14
PAY-PO-RFQ-0158-V024,PO-RFQ-0158-V024,V024,76831.02,Net60,2025-05-05,2025-05-07,2,0,slightly_late,-0.005,14
PAY-PO-RFQ-0158-V009,PO-RFQ-0158-V009,V009,77418.31,Net30,2025-04-04,2025-04-08,4,0,slightly_late,-0.005,14
PAY-PO-RFQ-0159-V004,PO-RFQ-0159-V004,V004,19232.0,2/10 Net30,2025-03-30,2025-03-27,0,3,on_time,-0.005,14
PAY-PO-RFQ-0159-V024,PO-RFQ-0159-V024,V024,18960.0,LC at sight,2025-03-06,2025-03-05,0,1,on_time,-0.005,14
PAY-PO-RFQ-0159-V019,PO-RFQ-0159-V019,V019,20030.0,2/10 Net30,2025-04-05,2025-03-31,0,5,on_time,-0.005,14
PAY-PO-RFQ-0159-V022,PO-RFQ-0159-V022,V022,18075.0,LC at sight,2025-03-01,2025-02-27,0,2,on_time,-0.005,14
PAY-PO-RFQ-0159-V009,PO-RFQ-0159-V009,V009,19117.0,LC at sight,2025-03-05,2025-03-05,0,0,on_time,-0.005,14
PAY-PO-RFQ-0160-V003,PO-RFQ-0160-V003,V003,41042.76,Net45,2025-04-20,2025-04-19,0,1,on_time,-0.005,14
PAY-PO-RFQ-0160-V015,PO-RFQ-0160-V015,V015,42061.91,Net60,2025-04-30,2025-04-25,0,5,on_time,-0.005,14
PAY-PO-RFQ-0160-V005,PO-RFQ-0160-V005,V005,33809.6,2/10 Net30,2025-04-01,2025-03-30,0,2,on_time,-0.005,14
PAY-PO-RFQ-0160-V008,PO-RFQ-0160-V008,V008,39535.54,LC at sight,2025-02-27,2025-03-05,6,0,slightly_late,-0.005,14
PAY-PO-RFQ-0160-V012,PO-RFQ-0160-V012,V012,42729.5,LC at sight,2025-03-04,2025-03-16,12,0,late,-0.005,14
PAY-PO-RFQ-0161-V013,PO-RFQ-0161-V013,V013,163102.2,2/10 Net30,2025-03-29,2025-03-25,0,4,on_time,-0.005,14
PAY-PO-RFQ-0161-V006,PO-RFQ-0161-V006,V006,158350.75,Net45,2025-04-15,2025-04-13,0,2,on_time,-0.005,14
PAY-PO-RFQ-0161-V021,PO-RFQ-0161-V021,V021,159471.7,Net30,2025-04-03,2025-04-01,0,2,on_time,-0.005,14
PAY-PO-RFQ-0161-V018,PO-RFQ-0161-V018,V018,177035.9,Net30,2025-04-02,2025-03-30,0,3,on_time,-0.005,14
PAY-PO-RFQ-0162-V002,PO-RFQ-0162-V002,V002,165958.5,2/10 Net30,2025-04-03,2025-03-31,0,3,on_time,-0.005,14
PAY-PO-RFQ-0162-V006,PO-RFQ-0162-V006,V006,154624.02,LC at sight,2025-03-05,2025-03-05,0,0,on_time,-0.005,14
PAY-PO-RFQ-0162-V013,PO-RFQ-0162-V013,V013,171048.06,2/10 Net30,2025-04-03,2025-03-29,0,5,on_time,-0.005,14
PAY-PO-RFQ-0162-V016,PO-RFQ-0162-V016,V016,138329.46,Net30,2025-03-29,2025-04-04,6,0,slightly_late,-0.005,14
PAY-PO-RFQ-0162-V011,PO-RFQ-0162-V011,V011,180729.18,Net45,2025-04-14,2025-04-21,7,0,slightly_late,-0.005,14
PAY-PO-RFQ-0163-V022,PO-RFQ-0163-V022,V022,55742.57,LC at sight,2025-03-03,2025-03-03,0,0,on_time,-0.005,14
PAY-PO-RFQ-0163-V001,PO-RFQ-0163-V001,V001,59471.1,Net60,2025-04-30,2025-05-01,1,0,slightly_late,-0.005,14
PAY-PO-RFQ-0163-V009,PO-RFQ-0163-V009,V009,59306.65,Net60,2025-05-03,2025-04-28,0,5,on_time,-0.005,14
PAY-PO-RFQ-0163-V004,PO-RFQ-0163-V004,V004,58376.76,Net45,2025-04-17,2025-04-17,0,0,on_time,-0.005,14
PAY-PO-RFQ-0163-V010,PO-RFQ-0163-V010,V010,53326.65,2/10 Net30,2025-04-04,2025-04-03,0,1,on_time,-0.005,14
PAY-PO-RFQ-0164-V002,PO-RFQ-0164-V002,V002,144967.68,Net45,2025-05-19,2025-05-19,0,0,on_time,0.035,15
PAY-PO-RFQ-0164-V021,PO-RFQ-0164-V021,V021,139513.66,Net60,2025-05-30,2025-05-27,0,3,on_time,0.035,15
PAY-PO-RFQ-0164-V013,PO-RFQ-0164-V013,V013,139542.26,Net45,2025-05-17,2025-05-15,0,2,on_time,0.035,15
PAY-PO-RFQ-0164-V018,PO-RFQ-0164-V018,V018,158089.36,Net45,2025-05-16,2025-05-20,4,0,slightly_late,0.035,15
PAY-PO-RFQ-0165-V011,PO-RFQ-0165-V011,V011,101300.64,2/10 Net30,2025-05-02,2025-04-30,0,2,on_time,0.035,15
PAY-PO-RFQ-0165-V016,PO-RFQ-0165-V016,V016,87714.12,Net45,2025-05-16,2025-05-13,0,3,on_time,0.035,15
PAY-PO-RFQ-0165-V006,PO-RFQ-0165-V006,V006,99330.04,Net60,2025-05-29,2025-05-28,0,1,on_time,0.035,15
PAY-PO-RFQ-0165-V002,PO-RFQ-0165-V002,V002,106185.84,Net45,2025-05-19,2025-05-14,0,5,on_time,0.035,15
PAY-PO-RFQ-0165-V013,PO-RFQ-0165-V013,V013,104106.68,Net30,2025-05-02,2025-04-27,0,5,on_time,0.035,15
PAY-PO-RFQ-0166-V013,PO-RFQ-0166-V013,V013,16794.94,Net45,2025-05-18,2025-05-16,0,2,on_time,0.035,15
PAY-PO-RFQ-0166-V002,PO-RFQ-0166-V002,V002,17117.08,2/10 Net30,2025-05-03,2025-05-02,0,1,on_time,0.035,15
PAY-PO-RFQ-0166-V021,PO-RFQ-0166-V021,V021,16813.82,Net60,2025-05-30,2025-05-26,0,4,on_time,0.035,15
PAY-PO-RFQ-0166-V016,PO-RFQ-0166-V016,V016,14597.78,Net45,2025-05-19,2025-05-18,0,1,on_time,0.035,15
PAY-PO-RFQ-0166-V018,PO-RFQ-0166-V018,V018,18209.76,2/10 Net30,2025-04-30,2025-05-08,8,0,late,0.035,15
PAY-PO-RFQ-0167-V002,PO-RFQ-0167-V002,V002,33602.24,Net45,2025-05-16,2025-05-14,0,2,on_time,0.035,15
PAY-PO-RFQ-0167-V011,PO-RFQ-0167-V011,V011,31102.4,LC at sight,2025-04-03,2025-03-29,0,5,on_time,0.035,15
PAY-PO-RFQ-0167-V006,PO-RFQ-0167-V006,V006,32726.4,Net30,2025-05-03,2025-04-28,0,5,on_time,0.035,15
PAY-PO-RFQ-0167-V013,PO-RFQ-0167-V013,V013,33358.08,LC at sight,2025-04-01,2025-03-27,0,5,on_time,0.035,15
PAY-PO-RFQ-0167-V018,PO-RFQ-0167-V018,V018,34979.84,LC at sight,2025-03-30,2025-03-26,0,4,on_time,0.035,15
PAY-PO-RFQ-0168-V002,PO-RFQ-0168-V002,V002,81526.2,Net60,2025-06-03,2025-05-29,0,5,on_time,0.035,15
PAY-PO-RFQ-0168-V013,PO-RFQ-0168-V013,V013,80995.2,Net30,2025-05-03,2025-04-29,0,4,on_time,0.035,15
PAY-PO-RFQ-0168-V006,PO-RFQ-0168-V006,V006,74063.88,LC at sight,2025-04-05,2025-04-11,6,0,slightly_late,0.035,15
PAY-PO-RFQ-0168-V021,PO-RFQ-0168-V021,V021,81352.74,2/10 Net30,2025-05-02,2025-05-02,0,0,on_time,0.035,15
PAY-PO-RFQ-0168-V011,PO-RFQ-0168-V011,V011,67968.0,Net30,2025-05-03,2025-04-28,0,5,on_time,0.035,15
PAY-PO-RFQ-0169-V013,PO-RFQ-0169-V013,V013,69564.0,2/10 Net30,2025-05-03,2025-05-02,0,1,on_time,0.035,15
PAY-PO-RFQ-0169-V006,PO-RFQ-0169-V006,V006,68041.82,Net60,2025-06-01,2025-05-28,0,4,on_time,0.035,15
PAY-PO-RFQ-0169-V002,PO-RFQ-0169-V002,V002,71669.62,Net30,2025-05-01,2025-04-30,0,1,on_time,0.035,15
PAY-PO-RFQ-0169-V011,PO-RFQ-0169-V011,V011,71333.02,Net60,2025-05-31,2025-05-27,0,4,on_time,0.035,15
PAY-PO-RFQ-0170-V004,PO-RFQ-0170-V004,V004,50678.4,LC at sight,2025-03-30,2025-03-30,0,0,on_time,0.035,15
PAY-PO-RFQ-0170-V017,PO-RFQ-0170-V017,V017,48387.2,Net30,2025-04-29,2025-04-24,0,5,on_time,0.035,15
PAY-PO-RFQ-0170-V007,PO-RFQ-0170-V007,V007,53609.6,LC at sight,2025-04-05,2025-04-01,0,4,on_time,0.035,15
PAY-PO-RFQ-0170-V009,PO-RFQ-0170-V009,V009,48393.6,Net45,2025-05-20,2025-05-17,0,3,on_time,0.035,15
PAY-PO-RFQ-0170-V010,PO-RFQ-0170-V010,V010,42908.8,Net45,2025-05-13,2025-05-13,0,0,on_time,0.035,15
PAY-PO-RFQ-0171-V009,PO-RFQ-0171-V009,V009,17783.36,LC at sight,2025-04-03,2025-04-01,0,2,on_time,0.035,15
PAY-PO-RFQ-0171-V010,PO-RFQ-0171-V010,V010,17338.64,Net60,2025-05-31,2025-06-05,5,0,slightly_late,0.035,15
PAY-PO-RFQ-0171-V004,PO-RFQ-0171-V004,V004,18247.12,Net30,2025-04-28,2025-04-27,0,1,on_time,0.035,15
PAY-PO-RFQ-0171-V022,PO-RFQ-0171-V022,V022,16942.88,Net45,2025-05-18,2025-05-13,0,5,on_time,0.035,15
PAY-PO-RFQ-0171-V019,PO-RFQ-0171-V019,V019,19986.56,Net60,2025-06-03,2025-05-30,0,4,on_time,0.035,15
PAY-PO-RFQ-0172-V002,PO-RFQ-0172-V002,V002,178810.05,Net60,2025-05-29,2025-06-07,9,0,late,0.035,15
PAY-PO-RFQ-0172-V021,PO-RFQ-0172-V021,V021,189860.4,2/10 Net30,2025-05-02,2025-05-02,0,0,on_time,0.035,15
PAY-PO-RFQ-0172-V013,PO-RFQ-0172-V013,V013,181438.95,Net60,2025-05-29,2025-05-24,0,5,on_time,0.035,15
PAY-PO-RFQ-0172-V016,PO-RFQ-0172-V016,V016,187804.2,Net45,2025-05-18,2025-05-16,0,2,on_time,0.035,15
PAY-PO-RFQ-0173-V018,PO-RFQ-0173-V018,V018,178528.85,Net45,2025-05-14,2025-05-12,0,2,on_time,0.035,15
PAY-PO-RFQ-0173-V016,PO-RFQ-0173-V016,V016,145146.25,Net60,2025-05-30,2025-06-28,29,0,late,0.035,15
PAY-PO-RFQ-0173-V013,PO-RFQ-0173-V013,V013,163796.35,2/10 Net30,2025-05-01,2025-04-28,0,3,on_time,0.035,15
PAY-PO-RFQ-0173-V006,PO-RFQ-0173-V006,V006,156517.25,LC at sight,2025-04-05,2025-05-01,26,0,late,0.035,15
PAY-PO-RFQ-0173-V011,PO-RFQ-0173-V011,V011,164053.65,Net45,2025-05-14,2025-05-23,9,0,late,0.035,15
PAY-PO-RFQ-0174-V013,PO-RFQ-0174-V013,V013,123948.16,2/10 Net30,2025-05-04,2025-05-04,0,0,on_time,0.035,15
PAY-PO-RFQ-0174-V011,PO-RFQ-0174-V011,V011,109133.54,Net30,2025-05-03,2025-05-02,0,1,on_time,0.035,15
PAY-PO-RFQ-0174-V006,PO-RFQ-0174-V006,V006,131254.0,LC at sight,2025-03-29,2025-03-26,0,3,on_time,0.035,15
PAY-PO-RFQ-0174-V016,PO-RFQ-0174-V016,V016,134655.8,Net45,2025-05-17,2025-06-01,15,0,late,0.035,15
PAY-PO-RFQ-0174-V002,PO-RFQ-0174-V002,V002,126627.26,Net60,2025-05-29,2025-05-24,0,5,on_time,0.035,15
PAY-PO-RFQ-0175-V022,PO-RFQ-0175-V022,V022,64098.8,Net30,2025-04-29,2025-04-29,0,0,on_time,0.035,15
PAY-PO-RFQ-0175-V007,PO-RFQ-0175-V007,V007,77387.65,Net45,2025-05-18,2025-05-18,0,0,on_time,0.035,15
PAY-PO-RFQ-0175-V009,PO-RFQ-0175-V009,V009,68121.75,2/10 Net30,2025-05-05,2025-05-03,0,2,on_time,0.035,15
PAY-PO-RFQ-0175-V017,PO-RFQ-0175-V017,V017,71696.35,LC at sight,2025-03-30,2025-03-27,0,3,on_time,0.035,15
PAY-PO-RFQ-0175-V019,PO-RFQ-0175-V019,V019,75786.4,LC at sight,2025-04-05,2025-04-02,0,3,on_time,0.035,15
PAY-PO-RFQ-0176-V021,PO-RFQ-0176-V021,V021,58111.76,LC at sight,2025-04-28,2025-05-05,7,0,slightly_late,0.025,16
PAY-PO-RFQ-0176-V013,PO-RFQ-0176-V013,V013,60361.84,2/10 Net30,2025-05-30,2025-05-27,0,3,on_time,0.025,16
PAY-PO-RFQ-0176-V018,PO-RFQ-0176-V018,V018,66517.99,Net60,2025-06-27,2025-06-25,0,2,on_time,0.025,16
PAY-PO-RFQ-0177-V013,PO-RFQ-0177-V013,V013,24293.4,Net45,2025-06-17,2025-06-13,0,4,on_time,0.025,16
PAY-PO-RFQ-0177-V002,PO-RFQ-0177-V002,V002,24437.04,2/10 Net30,2025-06-02,2025-06-02,0,0,on_time,0.025,16
PAY-PO-RFQ-0177-V021,PO-RFQ-0177-V021,V021,24639.96,Net60,2025-06-29,2025-06-24,0,5,on_time,0.025,16
PAY-PO-RFQ-0177-V011,PO-RFQ-0177-V011,V011,22128.54,2/10 Net30,2025-06-03,2025-06-01,0,2,on_time,0.025,16
PAY-PO-RFQ-0177-V006,PO-RFQ-0177-V006,V006,25170.06,LC at sight,2025-05-03,2025-05-03,0,0,on_time,0.025,16
PAY-PO-RFQ-0178-V016,PO-RFQ-0178-V016,V016,33385.61,LC at sight,2025-05-05,2025-04-30,0,5,on_time,0.025,16
PAY-PO-RFQ-0178-V013,PO-RFQ-0178-V013,V013,39407.44,Net60,2025-07-01,2025-06-29,0,2,on_time,0.025,16
PAY-PO-RFQ-0178-V002,PO-RFQ-0178-V002,V002,39044.95,2/10 Net30,2025-05-30,2025-05-28,0,2,on_time,0.025,16
PAY-PO-RFQ-0178-V021,PO-RFQ-0178-V021,V021,38137.32,LC at sight,2025-05-03,2025-05-06,3,0,slightly_late,0.025,16
PAY-PO-RFQ-0178-V006,PO-RFQ-0178-V006,V006,40298.21,LC at sight,2025-05-02,2025-04-27,0,5,on_time,0.025,16
PAY-PO-RFQ-0179-V009,PO-RFQ-0179-V009,V009,54191.4,Net60,2025-07-03,2025-06-30,0,3,on_time,0.025,16
PAY-PO-RFQ-0179-V007,PO-RFQ-0179-V007,V007,58578.84,Net45,2025-06-16,2025-06-16,0,0,on_time,0.025,16
PAY-PO-RFQ-0179-V017,PO-RFQ-0179-V017,V017,50582.26,LC at sight,2025-05-02,2025-04-30,0,2,on_time,0.025,16
PAY-PO-RFQ-0179-V010,PO-RFQ-0179-V010,V010,52345.2,2/10 Net30,2025-05-29,2025-06-02,4,0,slightly_late,0.025,16
PAY-PO-RFQ-0179-V019,PO-RFQ-0179-V019,V019,58473.86,Net30,2025-06-02,2025-05-29,0,4,on_time,0.025,16
PAY-PO-RFQ-0180-V021,PO-RFQ-0180-V021,V021,45848.92,Net30,2025-05-28,2025-05-23,0,5,on_time,0.025,16
PAY-PO-RFQ-0180-V013,PO-RFQ-0180-V013,V013,47346.68,Net45,2025-06-12,2025-06-09,0,3,on_time,0.025,16
PAY-PO-RFQ-0180-V016,PO-RFQ-0180-V016,V016,42083.8,Net60,2025-07-01,2025-06-28,0,3,on_time,0.025,16
PAY-PO-RFQ-0180-V002,PO-RFQ-0180-V002,V002,45874.08,Net30,2025-05-31,2025-06-29,29,0,late,0.025,16
PAY-PO-RFQ-0180-V018,PO-RFQ-0180-V018,V018,47744.8,Net30,2025-05-30,2025-05-28,0,2,on_time,0.025,16
PAY-PO-RFQ-0181-V002,PO-RFQ-0181-V002,V002,26389.53,Net60,2025-07-02,2025-07-02,0,0,on_time,0.025,16
PAY-PO-RFQ-0181-V013,PO-RFQ-0181-V013,V013,26245.05,Net30,2025-05-31,2025-05-26,0,5,on_time,0.025,16
PAY-PO-RFQ-0181-V021,PO-RFQ-0181-V021,V021,27358.32,2/10 Net30,2025-06-02,2025-05-28,0,5,on_time,0.025,16
PAY-PO-RFQ-0181-V006,PO-RFQ-0181-V006,V006,29213.34,2/10 Net30,2025-05-31,2025-05-26,0,5,on_time,0.025,16
PAY-PO-RFQ-0182-V009,PO-RFQ-0182-V009,V009,15722.52,Net60,2025-06-28,2025-06-26,0,2,on_time,0.025,16
PAY-PO-RFQ-0182-V001,PO-RFQ-0182-V001,V001,16305.6,Net60,2025-07-01,2025-06-28,0,3,on_time,0.025,16
PAY-PO-RFQ-0182-V019,PO-RFQ-0182-V019,V019,17157.0,LC at sight,2025-05-04,2025-05-01,0,3,on_time,0.025,16
PAY-PO-RFQ-0182-V007,PO-RFQ-0182-V007,V007,17064.12,2/10 Net30,2025-05-30,2025-05-26,0,4,on_time,0.025,16
PAY-PO-RFQ-0182-V017,PO-RFQ-0182-V017,V017,14899.5,2/10 Net30,2025-05-31,2025-05-28,0,3,on_time,0.025,16
PAY-PO-RFQ-0183-V016,PO-RFQ-0183-V016,V016,30687.47,Net60,2025-07-04,2025-07-03,0,1,on_time,0.025,16
PAY-PO-RFQ-0183-V013,PO-RFQ-0183-V013,V013,36547.83,Net30,2025-05-30,2025-05-30,0,0,on_time,0.025,16
PAY-PO-RFQ-0183-V002,PO-RFQ-0183-V002,V002,35979.35,Net60,2025-06-29,2025-06-26,0,3,on_time,0.025,16
PAY-PO-RFQ-0183-V018,PO-RFQ-0183-V018,V018,41524.12,Net60,2025-06-29,2025-06-26,0,3,on_time,0.025,16
PAY-PO-RFQ-0183-V021,PO-RFQ-0183-V021,V021,36483.04,Net45,2025-06-16,2025-06-16,0,0,on_time,0.025,16
PAY-PO-RFQ-0184-V007,PO-RFQ-0184-V007,V007,63140.04,Net45,2025-06-15,2025-06-21,6,0,slightly_late,0.025,16
PAY-PO-RFQ-0184-V024,PO-RFQ-0184-V024,V024,58750.47,Net45,2025-06-14,2025-07-06,22,0,late,0.025,16
PAY-PO-RFQ-0184-V009,PO-RFQ-0184-V009,V009,57326.04,Net45,2025-06-13,2025-06-10,0,3,on_time,0.025,16
PAY-PO-RFQ-0184-V001,PO-RFQ-0184-V001,V001,59115.46,LC at sight,2025-05-01,2025-04-26,0,5,on_time,0.025,16
PAY-PO-RFQ-0184-V004,PO-RFQ-0184-V004,V004,59380.32,Net60,2025-06-27,2025-06-27,0,0,on_time,0.025,16
PAY-PO-RFQ-0185-V006,PO-RFQ-0185-V006,V006,48883.4,Net30,2025-05-29,2025-05-29,0,0,on_time,0.025,16
PAY-PO-RFQ-0185-V013,PO-RFQ-0185-V013,V013,58674.06,Net30,2025-06-03,2025-07-01,28,0,late,0.025,16
PAY-PO-RFQ-0185-V021,PO-RFQ-0185-V021,V021,60218.85,2/10 Net30,2025-05-31,2025-05-29,0,2,on_time,0.025,16
PAY-PO-RFQ-0185-V016,PO-RFQ-0185-V016,V016,53820.67,Net45,2025-06-19,2025-06-19,0,0,on_time,0.025,16
PAY-PO-RFQ-0186-V003,PO-RFQ-0186-V003,V003,36652.0,Net60,2025-07-04,2025-08-03,30,0,late,0.025,16
PAY-PO-RFQ-0186-V020,PO-RFQ-0186-V020,V020,34607.72,2/10 Net30,2025-05-30,2025-05-26,0,4,on_time,0.025,16
PAY-PO-RFQ-0186-V014,PO-RFQ-0186-V014,V014,35864.08,LC at sight,2025-05-04,2025-05-02,0,2,on_time,0.025,16
PAY-PO-RFQ-0186-V012,PO-RFQ-0186-V012,V012,36448.16,Net45,2025-06-19,2025-06-24,5,0,slightly_late,0.025,16
PAY-PO-RFQ-0186-V023,PO-RFQ-0186-V023,V023,37506.56,2/10 Net30,2025-06-02,2025-05-30,0,3,on_time,0.025,16
PAY-PO-RFQ-0187-V014,PO-RFQ-0187-V014,V014,14817.54,Net60,2025-07-02,2025-06-30,0,2,on_time,0.025,16
PAY-PO-RFQ-0187-V012,PO-RFQ-0187-V012,V012,15249.37,2/10 Net30,2025-06-01,2025-06-01,0,0,on_time,0.025,16
PAY-PO-RFQ-0187-V003,PO-RFQ-0187-V003,V003,15124.0,Net45,2025-06-18,2025-06-16,0,2,on_time,0.025,16
PAY-PO-RFQ-0187-V015,PO-RFQ-0187-V015,V015,15436.43,Net45,2025-06-17,2025-06-12,0,5,on_time,0.025,16
PAY-PO-RFQ-0187-V008,PO-RFQ-0187-V008,V008,14089.2,2/10 Net30,2025-06-04,2025-06-02,0,2,on_time,0.025,16
PAY-PO-RFQ-0188-V001,PO-RFQ-0188-V001,V001,32317.71,2/10 Net30,2025-05-29,2025-05-25,0,4,on_time,0.025,16
PAY-PO-RFQ-0188-V010,PO-RFQ-0188-V010,V010,27355.14,LC at sight,2025-04-28,2025-05-28,30,0,late,0.025,16
PAY-PO-RFQ-0188-V007,PO-RFQ-0188-V007,V007,34750.44,2/10 Net30,2025-05-30,2025-05-28,0,2,on_time,0.025,16
PAY-PO-RFQ-0188-V019,PO-RFQ-0188-V019,V019,34376.94,2/10 Net30,2025-05-29,2025-05-30,1,0,slightly_late,0.025,16
PAY-PO-RFQ-0188-V024,PO-RFQ-0188-V024,V024,32073.69,Net30,2025-05-30,2025-05-26,0,4,on_time,0.025,16
PAY-PO-RFQ-0189-V009,PO-RFQ-0189-V009,V009,17647.2,Net45,2025-07-19,2025-07-26,7,0,slightly_late,0.015,17
PAY-PO-RFQ-0189-V007,PO-RFQ-0189-V007,V007,18789.28,Net45,2025-07-19,2025-07-18,0,1,on_time,0.015,17
PAY-PO-RFQ-0189-V004,PO-RFQ-0189-V004,V004,17525.08,Net60,2025-07-27,2025-07-22,0,5,on_time,0.015,17
PAY-PO-RFQ-0189-V001,PO-RFQ-0189-V001,V001,18386.8,Net45,2025-07-14,2025-07-12,0,2,on_time,0.015,17
PAY-PO-RFQ-0189-V010,PO-RFQ-0189-V010,V010,16593.7,Net45,2025-07-18,2025-07-14,0,4,on_time,0.015,17
PAY-PO-RFQ-0190-V013,PO-RFQ-0190-V013,V013,174743.04,Net60,2025-08-02,2025-07-29,0,4,on_time,0.015,17
PAY-PO-RFQ-0190-V002,PO-RFQ-0190-V002,V002,177605.16,Net45,2025-07-16,2025-07-15,0,1,on_time,0.015,17
PAY-PO-RFQ-0190-V021,PO-RFQ-0190-V021,V021,181159.02,Net45,2025-07-15,2025-07-11,0,4,on_time,0.015,17
PAY-PO-RFQ-0190-V011,PO-RFQ-0190-V011,V011,184255.38,Net45,2025-07-17,2025-07-19,2,0,slightly_late,0.015,17
PAY-PO-RFQ-0190-V006,PO-RFQ-0190-V006,V006,176371.74,LC at sight,2025-06-02,2025-05-31,0,2,on_time,0.015,17
PAY-PO-RFQ-0191-V011,PO-RFQ-0191-V011,V011,128206.65,2/10 Net30,2025-07-01,2025-06-26,0,5,on_time,0.015,17
PAY-PO-RFQ-0191-V002,PO-RFQ-0191-V002,V002,128042.85,2/10 Net30,2025-07-04,2025-07-03,0,1,on_time,0.015,17
PAY-PO-RFQ-0191-V021,PO-RFQ-0191-V021,V021,125289.45,Net45,2025-07-15,2025-07-18,3,0,slightly_late,0.015,17
PAY-PO-RFQ-0191-V006,PO-RFQ-0191-V006,V006,120654.3,Net45,2025-07-16,2025-07-12,0,4,on_time,0.015,17
PAY-PO-RFQ-0191-V013,PO-RFQ-0191-V013,V013,124909.2,Net60,2025-08-01,2025-08-08,7,0,slightly_late,0.015,17
PAY-PO-RFQ-0192-V002,PO-RFQ-0192-V002,V002,92203.88,LC at sight,2025-06-04,2025-06-08,4,0,slightly_late,0.015,17
PAY-PO-RFQ-0192-V016,PO-RFQ-0192-V016,V016,81459.5,2/10 Net30,2025-06-29,2025-06-28,0,1,on_time,0.015,17
PAY-PO-RFQ-0192-V013,PO-RFQ-0192-V013,V013,94900.81,Net45,2025-07-12,2025-07-09,0,3,on_time,0.015,17
PAY-PO-RFQ-0192-V011,PO-RFQ-0192-V011,V011,97763.22,Net30,2025-07-04,2025-07-02,0,2,on_time,0.015,17
PAY-PO-RFQ-0192-V021,PO-RFQ-0192-V021,V021,94561.97,Net60,2025-07-27,2025-08-01,5,0,slightly_late,0.015,17
PAY-PO-RFQ-0193-V012,PO-RFQ-0193-V012,V012,48441.25,LC at sight,2025-06-04,2025-06-06,2,0,slightly_late,0.015,17
PAY-PO-RFQ-0193-V015,PO-RFQ-0193-V015,V015,46605.13,Net45,2025-07-13,2025-07-12,0,1,on_time,0.015,17
PAY-PO-RFQ-0193-V014,PO-RFQ-0193-V014,V014,48205.3,Net45,2025-07-17,2025-07-23,6,0,slightly_late,0.015,17
PAY-PO-RFQ-0193-V003,PO-RFQ-0193-V003,V003,46815.34,Net45,2025-07-14,2025-07-10,0,4,on_time,0.015,17
PAY-PO-RFQ-0193-V020,PO-RFQ-0193-V020,V020,48934.6,Net45,2025-07-13,2025-07-09,0,4,on_time,0.015,17
PAY-PO-RFQ-0194-V017,PO-RFQ-0194-V017,V017,47971.0,Net30,2025-07-03,2025-06-28,0,5,on_time,0.015,17
PAY-PO-RFQ-0194-V022,PO-RFQ-0194-V022,V022,44482.9,Net30,2025-06-29,2025-06-24,0,5,on_time,0.015,17
PAY-PO-RFQ-0194-V004,PO-RFQ-0194-V004,V004,49888.3,LC at sight,2025-06-01,2025-05-31,0,1,on_time,0.015,17
PAY-PO-RFQ-0194-V010,PO-RFQ-0194-V010,V010,39755.1,LC at sight,2025-06-04,2025-05-31,0,4,on_time,0.015,17
PAY-PO-RFQ-0194-V007,PO-RFQ-0194-V007,V007,51509.15,Net45,2025-07-17,2025-07-14,0,3,on_time,0.015,17
PAY-PO-RFQ-0195-V017,PO-RFQ-0195-V017,V017,34962.72,Net45,2025-07-17,2025-07-14,0,3,on_time,0.015,17
PAY-PO-RFQ-0195-V004,PO-RFQ-0195-V004,V004,36328.24,Net30,2025-07-03,2025-06-28,0,5,on_time,0.015,17
PAY-PO-RFQ-0195-V001,PO-RFQ-0195-V001,V001,36013.9,Net30,2025-06-30,2025-06-29,0,1,on_time,0.015,17
PAY-PO-RFQ-0195-V007,PO-RFQ-0195-V007,V007,40012.44,Net45,2025-07-16,2025-07-15,0,1,on_time,0.015,17
PAY-PO-RFQ-0195-V009,PO-RFQ-0195-V009,V009,36534.42,LC at sight,2025-05-29,2025-05-29,0,0,on_time,0.015,17
PAY-PO-RFQ-0196-V006,PO-RFQ-0196-V006,V006,1872.09,2/10 Net30,2025-06-28,2025-06-25,0,3,on_time,0.015,17
PAY-PO-RFQ-0196-V002,PO-RFQ-0196-V002,V002,2044.02,Net45,2025-07-17,2025-07-20,3,0,slightly_late,0.015,17
PAY-PO-RFQ-0196-V018,PO-RFQ-0196-V018,V018,2081.31,Net30,2025-06-28,2025-07-04,6,0,slightly_late,0.015,17
PAY-PO-RFQ-0196-V011,PO-RFQ-0196-V011,V011,2165.79,LC at sight,2025-05-30,2025-05-28,0,2,on_time,0.015,17
PAY-PO-RFQ-0197-V013,PO-RFQ-0197-V013,V013,67758.18,Net30,2025-06-27,2025-06-25,0,2,on_time,0.015,17
PAY-PO-RFQ-0197-V002,PO-RFQ-0197-V002,V002,70176.12,2/10 Net30,2025-06-30,2025-06-29,0,1,on_time,0.015,17
PAY-PO-RFQ-0197-V021,PO-RFQ-0197-V021,V021,69074.88,Net30,2025-06-30,2025-06-29,0,1,on_time,0.015,17
PAY-PO-RFQ-0198-V007,PO-RFQ-0198-V007,V007,21079.6,LC at sight,2025-05-28,2025-05-27,0,1,on_time,0.015,17
PAY-PO-RFQ-0198-V009,PO-RFQ-0198-V009,V009,18841.78,Net30,2025-07-04,2025-07-15,11,0,late,0.015,17
PAY-PO-RFQ-0198-V001,PO-RFQ-0198-V001,V001,19125.66,Net30,2025-07-04,2025-07-04,0,0,on_time,0.015,17
PAY-PO-RFQ-0198-V004,PO-RFQ-0198-V004,V004,19285.72,2/10 Net30,2025-06-29,2025-07-06,7,0,slightly_late,0.015,17
PAY-PO-RFQ-0198-V019,PO-RFQ-0198-V019,V019,19708.52,Net45,2025-07-14,2025-07-10,0,4,on_time,0.015,17
PAY-PO-RFQ-0199-V007,PO-RFQ-0199-V007,V007,14413.41,Net45,2025-07-15,2025-07-11,0,4,on_time,0.015,17
PAY-PO-RFQ-0199-V010,PO-RFQ-0199-V010,V010,11996.82,2/10 Net30,2025-07-04,2025-07-02,0,2,on_time,0.015,17
PAY-PO-RFQ-0199-V009,PO-RFQ-0199-V009,V009,12842.28,Net30,2025-06-29,2025-07-11,12,0,late,0.015,17
PAY-PO-RFQ-0199-V019,PO-RFQ-0199-V019,V019,13781.79,Net30,2025-06-28,2025-07-02,4,0,slightly_late,0.015,17
PAY-PO-RFQ-0199-V001,PO-RFQ-0199-V001,V001,13440.24,2/10 Net30,2025-07-03,2025-07-01,0,2,on_time,0.015,17
PAY-PO-RFQ-0200-V006,PO-RFQ-0200-V006,V006,55383.57,Net45,2025-07-14,2025-07-09,0,5,on_time,0.015,17
PAY-PO-RFQ-0200-V021,PO-RFQ-0200-V021,V021,57961.42,LC at sight,2025-05-29,2025-05-29,0,0,on_time,0.015,17
PAY-PO-RFQ-0200-V002,PO-RFQ-0200-V002,V002,58614.16,Net45,2025-07-19,2025-07-14,0,5,on_time,0.015,17
PAY-PO-RFQ-0200-V011,PO-RFQ-0200-V011,V011,58093.86,Net45,2025-07-19,2025-08-08,20,0,late,0.015,17
PAY-PO-RFQ-0200-V016,PO-RFQ-0200-V016,V016,56618.1,Net30,2025-06-30,2025-07-06,6,0,slightly_late,0.015,17
PAY-PO-RFQ-0201-V001,PO-RFQ-0201-V001,V001,24093.16,2/10 Net30,2025-06-30,2025-06-28,0,2,on_time,0.015,17
PAY-PO-RFQ-0201-V007,PO-RFQ-0201-V007,V007,26216.19,Net45,2025-07-17,2025-07-16,0,1,on_time,0.015,17
PAY-PO-RFQ-0201-V004,PO-RFQ-0201-V004,V004,24387.09,2/10 Net30,2025-06-29,2025-06-25,0,4,on_time,0.015,17
PAY-PO-RFQ-0201-V019,PO-RFQ-0201-V019,V019,25681.11,Net45,2025-07-13,2025-07-08,0,5,on_time,0.015,17
PAY-PO-RFQ-0201-V017,PO-RFQ-0201-V017,V017,23949.38,Net30,2025-06-29,2025-06-26,0,3,on_time,0.015,17
PAY-PO-RFQ-0202-V016,PO-RFQ-0202-V016,V016,15337.37,Net30,2025-07-01,2025-06-30,0,1,on_time,0.015,17
PAY-PO-RFQ-0202-V002,PO-RFQ-0202-V002,V002,17418.19,Net60,2025-07-29,2025-07-31,2,0,slightly_late,0.015,17
PAY-PO-RFQ-0202-V013,PO-RFQ-0202-V013,V013,18417.66,Net45,2025-07-17,2025-07-12,0,5,on_time,0.015,17
PAY-PO-RFQ-0202-V006,PO-RFQ-0202-V006,V006,17020.36,2/10 Net30,2025-07-01,2025-06-26,0,5,on_time,0.015,17
PAY-PO-RFQ-0202-V011,PO-RFQ-0202-V011,V011,16474.79,LC at sight,2025-05-28,2025-05-28,0,0,on_time,0.015,17
